VulnerabilityID,PkgID,PkgName,InstalledVersion,Status,SeveritySource,PrimaryURL,Fingerprint,Description,Severity,CweIDs,References,PublishedDate,LastModifiedDate,PkgIdentifier.PURL,PkgIdentifier.UID,DataSource.ID,DataSource.Name,DataSource.URL,VendorSeverity.ubuntu,Title,VendorSeverity.nvd,VendorSeverity.photon,VendorSeverity.redhat,CVSS.nvd.V2Vector,CVSS.nvd.V3Vector,CVSS.nvd.V2Score,CVSS.nvd.V3Score,CVSS.redhat.V3Vector,CVSS.redhat.V3Score,VendorSeverity.alma,VendorSeverity.amazon,VendorSeverity.azure,VendorSeverity.rocky,VendorSeverity.oracle-oval,CVSS.redhat.V2Vector,CVSS.redhat.V2Score,VendorSeverity.bottlerocket,VendorSeverity.cbl-mariner,VendorSeverity.julia,CVSS.julia.V3Vector,CVSS.julia.V3Score,VendorSeverity.bitnami,CVSS.bitnami.V40Vector,CVSS.bitnami.V40Score,FixedVersion,CVSS.bitnami.V3Vector,CVSS.bitnami.V3Score,VendorSeverity.ghsa,CVSS.ghsa.V3Vector,CVSS.ghsa.V3Score
CVE-2026-28372,inetutils-telnet@2:2.7-2ubuntu1,inetutils-telnet,2:2.7-2ubuntu1,fixed,ubuntu,https://avd.aquasec.com/nvd/cve-2026-28372,sha256:1460382d6d599fc47af5d186866818f6a2c1e9db4687bc0917e9a57821215ed8,"telnetd in GNU inetutils through 2.7 allows privilege escalation that can be exploited by abusing systemd service credentials support added to the login(1) implementation of util-linux in release 2.40. This is related to client control over the CREDENTIALS_DIRECTORY environment variable, and requires an unprivileged local user to create a login.noauth file.",MEDIUM,['CWE-829'],"['http://www.openwall.com/lists/oss-security/2026/02/27/3', 'http://www.openwall.com/lists/oss-security/2026/03/06/2', 'http://www.openwall.com/lists/oss-security/2026/03/06/3', 'http://www.openwall.com/lists/oss-security/2026/03/07/1', 'http://www.openwall.com/lists/oss-security/2026/03/07/2', 'https://git.hadrons.org/cgit/debian/pkgs/inetutils.git/commit/?id=3953943d8296310485f98963883a798545ab9a6c', 'https://lists.gnu.org/archive/html/bug-inetutils/2026-02/msg00000.html', 'https://lists.gnu.org/archive/html/bug-inetutils/2026-02/msg00012.html', 'https://ubuntu.com/security/notices/USN-8387-1', 'https://www.cve.org/CVERecord?id=CVE-2026-28372', 'https://www.openwall.com/lists/oss-security/2026/02/24/1']",2026-02-27T06:18:00.077Z,2026-06-17T10:28:30.07Z,pkg:deb/ubuntu/inetutils-telnet@2.7-2ubuntu1?arch=amd64&distro=ubuntu-26.04&epoch=2,d020e8884322167e,ubuntu,Ubuntu CVE Tracker,https://git.launchpad.net/ubuntu-cve-tracker,2,telnetd in GNU inetutils through 2.7 allows privilege escalation that  ...,3.0,,,,CVSS:3.1/AV:L/AC:L/PR:L/UI:N/S:U/C:H/I:H/A:H,,7.8,,,,,,,,,,,,,,,,,,2:2.7-2ubuntu1.1,,,,,
CVE-2026-32746,inetutils-telnet@2:2.7-2ubuntu1,inetutils-telnet,2:2.7-2ubuntu1,fixed,ubuntu,https://avd.aquasec.com/nvd/cve-2026-32746,sha256:d16b2865291ba49117a840eba928315ac2761653b5c972b5d05a47c9bcde22e7,telnetd in GNU inetutils through 2.7 allows an out-of-bounds write in the LINEMODE SLC (Set Local Characters) suboption handler because add_slc does not check whether the buffer is full.,MEDIUM,['CWE-120'],"['http://www.openwall.com/lists/oss-security/2026/03/14/1', 'https://github.com/watchtowrlabs/watchtowr-vs-telnetd-CVE-2026-32746', 'https://lists.gnu.org/archive/html/bug-inetutils/2026-03/msg00031.html', 'https://ubuntu.com/security/notices/USN-8387-1', 'https://www.cve.org/CVERecord?id=CVE-2026-32746', 'https://www.openwall.com/lists/oss-security/2026/03/12/4']",2026-03-13T19:55:10.147Z,2026-06-17T10:36:18.783Z,pkg:deb/ubuntu/inetutils-telnet@2.7-2ubuntu1?arch=amd64&distro=ubuntu-26.04&epoch=2,d020e8884322167e,ubuntu,Ubuntu CVE Tracker,https://git.launchpad.net/ubuntu-cve-tracker,2,telnetd in GNU inetutils through 2.7 allows an out-of-bounds write in  ...,,,,,,,,,,,,,,,,,,,,,,,,,2:2.7-2ubuntu1.1,,,,,
CVE-2026-32772,inetutils-telnet@2:2.7-2ubuntu1,inetutils-telnet,2:2.7-2ubuntu1,fixed,ubuntu,https://avd.aquasec.com/nvd/cve-2026-32772,sha256:daf3bd27ab0f38174058d4c8f4558718be6ab15115cb05864fbda9de52de025c,telnet in GNU inetutils through 2.7 allows servers to read arbitrary environment variables from clients via NEW_ENVIRON SEND USERVAR.,MEDIUM,['CWE-669'],"['https://ubuntu.com/security/notices/USN-8387-1', 'https://www.cve.org/CVERecord?id=CVE-2026-32772', 'https://www.openwall.com/lists/oss-security/2026/03/13/1']",2026-03-16T14:19:44.023Z,2026-06-17T10:36:21.553Z,pkg:deb/ubuntu/inetutils-telnet@2.7-2ubuntu1?arch=amd64&distro=ubuntu-26.04&epoch=2,d020e8884322167e,ubuntu,Ubuntu CVE Tracker,https://git.launchpad.net/ubuntu-cve-tracker,2,telnet in GNU inetutils through 2.7 allows servers to read arbitrary e ...,2.0,,,,CVSS:3.1/AV:N/AC:L/PR:N/UI:R/S:C/C:L/I:N/A:N,,4.7,,,,,,,,,,,,,,,,,,2:2.7-2ubuntu1.1,,,,,
CVE-2026-12318,libnss3@2:3.120-1ubuntu2,libnss3,2:3.120-1ubuntu2,fixed,ubuntu,https://avd.aquasec.com/nvd/cve-2026-12318,sha256:6a6133fc585fbbbb7a4c95acf79b954c809bae28f73fc42ec80979cdc5cebeba,Incorrect boundary conditions in the Libraries component in NSS. This vulnerability was fixed in Firefox 152 and Thunderbird 152.,MEDIUM,['CWE-119'],"['https://access.redhat.com/security/cve/CVE-2026-12318', 'https://bugzilla.mozilla.org/show_bug.cgi?id=2023478', 'https://nvd.nist.gov/vuln/detail/CVE-2026-12318', 'https://ubuntu.com/security/notices/USN-8481-1', 'https://www.cve.org/CVERecord?id=CVE-2026-12318', 'https://www.mozilla.org/en-US/security/advisories/mfsa2026-57/#CVE-2026-12318', 'https://www.mozilla.org/security/advisories/mfsa2026-57/', 'https://www.mozilla.org/security/advisories/mfsa2026-57/#CVE-2026-12318', 'https://www.mozilla.org/security/advisories/mfsa2026-60/', 'https://www.mozilla.org/security/advisories/mfsa2026-60/#CVE-2026-12318']",2026-06-16T13:16:32.463Z,2026-06-17T14:26:49.533Z,pkg:deb/ubuntu/libnss3@3.120-1ubuntu2?arch=amd64&distro=ubuntu-26.04&epoch=2,27d925cfc8415741,ubuntu,Ubuntu CVE Tracker,https://git.launchpad.net/ubuntu-cve-tracker,2,firefox: thunderbird: Incorrect boundary conditions in the Libraries component in NSS,,,1.0,,,,,CVSS:3.1/AV:N/AC:H/PR:N/UI:R/S:C/C:L/I:N/A:N,3.4,,,,,,,,,,,,,,,,2:3.120-1ubuntu2.1,,,,,
CVE-2026-42496,libperl5.40@5.40.1-7build1,libperl5.40,5.40.1-7build1,fixed,ubuntu,https://avd.aquasec.com/nvd/cve-2026-42496,sha256:d8b73dfa577a4480e2560f0b0e6108ebe7a9d66f35d5bee20f131110cd70cb16,"Archive::Tar versions before 3.08 for Perl extract symlinks with attacker controlled targets outside the extraction directory.

_make_special_file() passes the tar header's linkname to symlink() without validating it against absolute paths or .. segments. The secure-extract mode check that guards regular file extraction does not cover the symlink target.

A subsequent open through the extracted name reads or writes the attacker chosen path.",MEDIUM,"['CWE-59', 'CWE-22']","['https://access.redhat.com/errata/RHSA-2026:30851', 'https://access.redhat.com/errata/RHSA-2026:30852', 'https://access.redhat.com/errata/RHSA-2026:30856', 'https://access.redhat.com/errata/RHSA-2026:30857', 'https://access.redhat.com/security/cve/CVE-2026-42496', 'https://bugzilla.redhat.com/2481314', 'https://bugzilla.redhat.com/show_bug.cgi?id=2481314', 'https://errata.almalinux.org/8/ALSA-2026-30852.html', 'https://github.com/jib/archive-tar-new/commit/17c873492a05eddc0de18c1485e0b2cccd5a9158.patch', 'https://linux.oracle.com/cve/CVE-2026-42496.html', 'https://linux.oracle.com/errata/ELSA-2026-30852.html', 'https://lists.security.metacpan.org/cve-announce/msg/40396459/', 'https://metacpan.org/release/BINGOS/Archive-Tar-3.08/changes', 'https://nvd.nist.gov/vuln/detail/CVE-2026-42496', 'https://security.access.redhat.com/data/csaf/v2/vex/2026/cve-2026-42496.json', 'https://ubuntu.com/security/notices/USN-8467-1', 'https://www.cve.org/CVERecord?id=CVE-2026-42496', 'https://www.cve.org/CVERecord?id=CVE-2026-42497']",2026-05-26T02:16:40.13Z,2026-06-30T03:19:37.663Z,pkg:deb/ubuntu/libperl5.40@5.40.1-7build1?arch=amd64&distro=ubuntu-26.04,d73ba0afb91fcde9,ubuntu,Ubuntu CVE Tracker,https://git.launchpad.net/ubuntu-cve-tracker,2,perl-archive-tar: perl-archive-tar: Path traversal via crafted symlinks allows arbitrary file access,4.0,,3.0,,CVSS:3.1/AV:N/AC:L/PR:N/UI:N/S:U/C:H/I:H/A:N,,9.1,CVSS:3.1/AV:L/AC:L/PR:L/UI:R/S:C/C:H/I:H/A:H,8.2,3.0,3.0,3.0,,3.0,,,,,,,,,,,5.40.1-7ubuntu0.1,,,,,
CVE-2026-8376,libperl5.40@5.40.1-7build1,libperl5.40,5.40.1-7build1,fixed,ubuntu,https://avd.aquasec.com/nvd/cve-2026-8376,sha256:bf679a58fa1d18b8ed5fa53b5819361b760cac6e4c2befba3e38e3873904eccc,"Perl versions through 5.43.10 have a heap buffer overflow when compiling regular expressions with a repeated fixed string on 32-bit builds.

Perl_study_chunk in regcomp_study.c checked the size of the joined substring buffer in characters rather than bytes. For a quantified fixed substring with a large minimum count, the byte length mincount * l could overflow SSize_t, producing an undersized SvGROW allocation; the subsequent copy writes past the end of the buffer.

A caller that compiles an attacker-controlled regular expression on a 32-bit perl build triggers a heap buffer overflow at compile time.",MEDIUM,['CWE-680'],"['http://www.openwall.com/lists/oss-security/2026/05/26/1', 'https://github.com/Perl/perl5/commit/5e7f119eb2bb1181be908701f22bf7068e722f1c.patch', 'https://github.com/Perl/perl5/pull/24433', 'https://nvd.nist.gov/vuln/detail/CVE-2026-8376', 'https://ubuntu.com/security/notices/USN-8467-1', 'https://www.cve.org/CVERecord?id=CVE-2026-8376']",2026-05-26T00:16:57.15Z,2026-06-17T11:03:51.843Z,pkg:deb/ubuntu/libperl5.40@5.40.1-7build1?arch=amd64&distro=ubuntu-26.04,d73ba0afb91fcde9,ubuntu,Ubuntu CVE Tracker,https://git.launchpad.net/ubuntu-cve-tracker,2,Perl versions through 5.43.10 have a heap buffer overflow when compili ...,4.0,4.0,,,CVSS:3.1/AV:N/AC:L/PR:N/UI:N/S:U/C:H/I:H/A:H,,9.8,,,,2.0,2.0,,,,,,,,,,,,,5.40.1-7ubuntu0.1,,,,,
CVE-2026-11822,libsqlite3-0@3.46.1-9,libsqlite3-0,3.46.1-9,fixed,ubuntu,https://avd.aquasec.com/nvd/cve-2026-11822,sha256:b2246da4456e02c4007ba3038f1fe15b46d985262a0888c4299d26525e82561f,"SQLite before 3.53.2 contains memory corruption vulnerabilities in the FTS5 full-text search extension that allow attackers to cause process crashes, memory exhaustion, or arbitrary code execution by supplying a crafted database with malformed FTS5 page data. Attackers can trigger an out-of-bounds read in fts5LeafSeek() via an attacker-controlled loop bound and a heap buffer overflow write in fts5ChunkIterate() through a crafted continuation page causing an integer underflow, exploitable when an FTS5 MATCH query is executed against the malicious database.",MEDIUM,['CWE-122'],"['https://nvd.nist.gov/vuln/detail/CVE-2026-11822', 'https://sqlite.org/releaselog/3_53_2.html', 'https://sqlite.org/src/info/061febcf41ca', 'https://sqlite.org/src/info/4a5ad516ea93', 'https://ubuntu.com/security/notices/USN-8480-1', 'https://www.cve.org/CVERecord?id=CVE-2026-11822', 'https://www.vulncheck.com/advisories/sqlite-before-memory-corruption-in-fts5-extension']",2026-06-09T20:16:32.15Z,2026-06-17T10:14:29.127Z,pkg:deb/ubuntu/libsqlite3-0@3.46.1-9?arch=amd64&distro=ubuntu-26.04,dd932d6c83376dcf,ubuntu,Ubuntu CVE Tracker,https://git.launchpad.net/ubuntu-cve-tracker,2,SQLite before 3.53.2 contains memory corruption vulnerabilities in the ...,,3.0,,,,,,,,,,3.0,,,,,,,,,,3.0,CVSS:4.0/AV:L/AC:L/AT:N/PR:N/UI:P/VC:H/VI:H/VA:H/SC:N/SI:N/SA:N,8.5,3.46.1-9ubuntu0.1,,,,,
CVE-2026-11824,libsqlite3-0@3.46.1-9,libsqlite3-0,3.46.1-9,fixed,ubuntu,https://avd.aquasec.com/nvd/cve-2026-11824,sha256:2f695b69f5acd852dd57f53f2d764bcf72ef493d3818b93c59c6f53206fe1c49,"SQLite before 3.53.2 contains a heap-based buffer overflow vulnerability in the FTS5 full-text search extension that allows attackers to cause a crash or execute arbitrary code by supplying a crafted database with malicious continuation page metadata specifying a szLeaf value smaller than 4. Attackers can trigger an integer underflow in fts5ChunkIterate() causing an inflated remaining byte count during FTS5 MATCH query processing, leading to a heap buffer overflow of attacker-controlled data in applications compiled with SQLITE_ENABLE_FTS5.",MEDIUM,['CWE-122'],"['https://nvd.nist.gov/vuln/detail/CVE-2026-11824', 'https://sqlite.org/releaselog/3_53_2.html', 'https://sqlite.org/src/info/061febcf41ca', 'https://sqlite.org/src/info/4a5ad516ea93', 'https://ubuntu.com/security/notices/USN-8480-1', 'https://www.cve.org/CVERecord?id=CVE-2026-11824', 'https://www.vulncheck.com/advisories/sqlite-before-heap-buffer-overflow-via-fts5-fts5chunkiterate']",2026-06-09T20:16:32.3Z,2026-06-17T10:14:29.253Z,pkg:deb/ubuntu/libsqlite3-0@3.46.1-9?arch=amd64&distro=ubuntu-26.04,dd932d6c83376dcf,ubuntu,Ubuntu CVE Tracker,https://git.launchpad.net/ubuntu-cve-tracker,2,SQLite before 3.53.2 contains a heap-based buffer overflow vulnerabili ...,,3.0,,,,,,,,,,3.0,,,,,,,,,,3.0,CVSS:4.0/AV:L/AC:L/AT:N/PR:N/UI:P/VC:H/VI:H/VA:H/SC:N/SI:N/SA:N,8.5,3.46.1-9ubuntu0.1,,,,,
CVE-2026-45447,libssl3t64@3.5.5-1ubuntu3,libssl3t64,3.5.5-1ubuntu3,fixed,ubuntu,https://avd.aquasec.com/nvd/cve-2026-45447,sha256:0a96667b1883c8af7b4864c5a43cf059c1286ab15e4bed9513a07366087826e6,"Issue summary: A specially crafted PKCS#7 or S/MIME signed message could
trigger a use-after-free during PKCS#7 signature verification.

Impact summary: A use-after-free may result in process crashes, heap
corruption, or potentially remote code execution.

When processing a PKCS#7 or S/MIME signed message, if the SignedData
digestAlgorithms field is present as an empty ASN.1 SET, OpenSSL may
incorrectly free a caller-owned BIO during PKCS7_verify(). A subsequent
use of the BIO by the calling application results in a use-after-free
condition.

In the common case this occurs when the application later calls
BIO_free() on the BIO originally passed to PKCS7_verify(). Depending
on allocator behavior and application-specific BIO usage patterns, this
may result in a crash or other memory corruption. In some application
contexts this may potentially be exploitable for remote code execution.

Applications that process PKCS#7 or S/MIME signed messages using OpenSSL
PKCS#7 APIs may be affected. Applications using the CMS APIs for this
processing are not affected.

The FIPS modules in 4.0, 3.6, 3.5, 3.4, and 3.0 are not affected by this
issue, as the affected code is outside the OpenSSL FIPS module boundary.",HIGH,"['CWE-416', 'CWE-825']","['https://access.redhat.com/errata/RHSA-2026:25237', 'https://access.redhat.com/errata/RHSA-2026:25239', 'https://access.redhat.com/errata/RHSA-2026:26275', 'https://access.redhat.com/errata/RHSA-2026:26319', 'https://access.redhat.com/errata/RHSA-2026:29197', 'https://access.redhat.com/security/cve/CVE-2026-45447', 'https://bugzilla.redhat.com/2481879', 'https://bugzilla.redhat.com/2481880', 'https://bugzilla.redhat.com/2481881', 'https://bugzilla.redhat.com/2481882', 'https://bugzilla.redhat.com/2481884', 'https://bugzilla.redhat.com/2481885', 'https://bugzilla.redhat.com/2481887', 'https://bugzilla.redhat.com/2481890', 'https://bugzilla.redhat.com/2481891', 'https://bugzilla.redhat.com/2481892', 'https://bugzilla.redhat.com/2481893', 'https://bugzilla.redhat.com/2481894', 'https://bugzilla.redhat.com/2481896', 'https://bugzilla.redhat.com/2481897', 'https://bugzilla.redhat.com/2481898', 'https://bugzilla.redhat.com/show_bug.cgi?id=2481879', 'https://bugzilla.redhat.com/show_bug.cgi?id=2481880', 'https://bugzilla.redhat.com/show_bug.cgi?id=2481881', 'https://bugzilla.redhat.com/show_bug.cgi?id=2481882', 'https://bugzilla.redhat.com/show_bug.cgi?id=2481884', 'https://bugzilla.redhat.com/show_bug.cgi?id=2481885', 'https://bugzilla.redhat.com/show_bug.cgi?id=2481887', 'https://bugzilla.redhat.com/show_bug.cgi?id=2481890', 'https://bugzilla.redhat.com/show_bug.cgi?id=2481891', 'https://bugzilla.redhat.com/show_bug.cgi?id=2481892', 'https://bugzilla.redhat.com/show_bug.cgi?id=2481893', 'https://bugzilla.redhat.com/show_bug.cgi?id=2481894', 'https://bugzilla.redhat.com/show_bug.cgi?id=2481896', 'https://bugzilla.redhat.com/show_bug.cgi?id=2481897', 'https://bugzilla.redhat.com/show_bug.cgi?id=2481898', 'https://cve.mitre.org/cgi-bin/cvename.cgi?name=CVE-2026-34180', 'https://cve.mitre.org/cgi-bin/cvename.cgi?name=CVE-2026-34181', 'https://cve.mitre.org/cgi-bin/cvename.cgi?name=CVE-2026-34182', 'https://cve.mitre.org/cgi-bin/cvename.cgi?name=CVE-2026-34183', 'https://cve.mitre.org/cgi-bin/cvename.cgi?name=CVE-2026-42764', 'https://cve.mitre.org/cgi-bin/cvename.cgi?name=CVE-2026-42766', 'https://cve.mitre.org/cgi-bin/cvename.cgi?name=CVE-2026-42767', 'https://cve.mitre.org/cgi-bin/cvename.cgi?name=CVE-2026-42768', 'https://cve.mitre.org/cgi-bin/cvename.cgi?name=CVE-2026-42769', 'https://cve.mitre.org/cgi-bin/cvename.cgi?name=CVE-2026-42770', 'https://cve.mitre.org/cgi-bin/cvename.cgi?name=CVE-2026-45445', 'https://cve.mitre.org/cgi-bin/cvename.cgi?name=CVE-2026-45446', 'https://cve.mitre.org/cgi-bin/cvename.cgi?name=CVE-2026-45447', 'https://cve.mitre.org/cgi-bin/cvename.cgi?name=CVE-2026-7383', 'https://cve.mitre.org/cgi-bin/cvename.cgi?name=CVE-2026-9076', 'https://errata.almalinux.org/9/ALSA-2026-25239.html', 'https://errata.rockylinux.org/RLSA-2026:25239', 'https://github.com/openssl/openssl/commit/3aad5eb7af4de4ee0633c30a8541a54d9bbde63c', 'https://github.com/openssl/openssl/commit/7d4a980c62258c5910cc883936e0c8dbab4d75a8', 'https://github.com/openssl/openssl/commit/9dfd688ad2290fc5075cacbc9bf0c9a93eefed54', 'https://github.com/openssl/openssl/commit/a541ae8bfe849a30cc885e8780715c0f488e496c', 'https://github.com/openssl/openssl/commit/c505d7559da5d5f9f2c3913c6883a5562ce7273e', 'https://linux.oracle.com/cve/CVE-2026-45447.html', 'https://linux.oracle.com/errata/ELSA-2026-50323.html', 'https://nvd.nist.gov/vuln/detail/CVE-2026-45447', 'https://openssl-library.org/news/secadv/20260609.txt', 'https://security.access.redhat.com/data/csaf/v2/vex/2026/cve-2026-45447.json', 'https://ubuntu.com/security/notices/USN-8414-1', 'https://ubuntu.com/security/notices/USN-8414-2', 'https://www.cve.org/CVERecord?id=CVE-2026-45447']",2026-06-09T17:17:19.277Z,2026-06-30T03:20:04.08Z,pkg:deb/ubuntu/libssl3t64@3.5.5-1ubuntu3?arch=amd64&distro=ubuntu-26.04,206c80038884c47,ubuntu,Ubuntu CVE Tracker,https://git.launchpad.net/ubuntu-cve-tracker,3,openssl: Heap Use-After-Free in OpenSSL PKCS7_verify(),,3.0,3.0,,,,,CVSS:3.1/AV:N/AC:H/PR:N/UI:N/S:U/C:H/I:H/A:H,8.1,3.0,3.0,3.0,3.0,3.0,,,,,,,,,,,3.5.5-1ubuntu3.2,,,,,
CVE-2026-34182,libssl3t64@3.5.5-1ubuntu3,libssl3t64,3.5.5-1ubuntu3,fixed,ubuntu,https://avd.aquasec.com/nvd/cve-2026-34182,sha256:2393aa7bb408c8fe7468138f1b08f4ca2c8dee439e9d252cd5a815386caaa203,"Issue Summary: Cryptographic Message Services (CMS) processing fails to perform
sufficient input validation on the cipher and tag length fields of
AuthEnvelopedData containers, leading to various potential compromises.

Impact Summary: Attackers making use of these vulnerabilities may achieve
key-equivalent functionality for a given CMS recipient and/or bypass integrity
validation for a given message.

In one use case, an attacker may send a CMS message containing
AuthEnvelopedData with the cipher specified as a non-AEAD cipher.  OpenSSL
erroneously allows this selection, and attempts to decrypt and validate the
message.

An on-path attacker who captures one legitimate AES-GCM AuthEnvelopedData
addressed to the victim can re-emit it with the recipientInfos set left
byte-for-byte intact, so the victim's private key still unwraps the genuine CEK
(the content-encryption key), but with the inner OID rewritten to AES-256-OFB
(Output Feedback Mode, an unauthenticated keystream mode) and with an
attacker-chosen IV and ciphertext. The victim initializes AES-256-OFB under the
real CEK, never consults the MAC field, and CMS_decrypt() returns success.

If the application under attack responds to the attacker with any indicator
showing success or failure of the decryption effort, it is possible for the
attacker to use this as an oracle to obtain key equivalent functionality for the
CEK used for the chosen recipient of the message.

In another use case, an attacker can reduce the tag length of the chosen AEAD
cipher for a given AuthEnvelopedData container to be a single byte long,
allowing an attacker to brute force CMS decryption, producing an integrity
bypass for applications that trust CMS_decrypt() to reject modified content.

The FIPS modules are not affected by this issue.",MEDIUM,['CWE-354'],"['https://access.redhat.com/errata/RHSA-2026:25239', 'https://access.redhat.com/security/cve/CVE-2026-34182', 'https://bugzilla.redhat.com/2481879', 'https://bugzilla.redhat.com/2481880', 'https://bugzilla.redhat.com/2481881', 'https://bugzilla.redhat.com/2481882', 'https://bugzilla.redhat.com/2481884', 'https://bugzilla.redhat.com/2481885', 'https://bugzilla.redhat.com/2481887', 'https://bugzilla.redhat.com/2481890', 'https://bugzilla.redhat.com/2481891', 'https://bugzilla.redhat.com/2481892', 'https://bugzilla.redhat.com/2481893', 'https://bugzilla.redhat.com/2481894', 'https://bugzilla.redhat.com/2481896', 'https://bugzilla.redhat.com/2481897', 'https://bugzilla.redhat.com/2481898', 'https://bugzilla.redhat.com/show_bug.cgi?id=2481879', 'https://bugzilla.redhat.com/show_bug.cgi?id=2481880', 'https://bugzilla.redhat.com/show_bug.cgi?id=2481881', 'https://bugzilla.redhat.com/show_bug.cgi?id=2481882', 'https://bugzilla.redhat.com/show_bug.cgi?id=2481884', 'https://bugzilla.redhat.com/show_bug.cgi?id=2481885', 'https://bugzilla.redhat.com/show_bug.cgi?id=2481887', 'https://bugzilla.redhat.com/show_bug.cgi?id=2481890', 'https://bugzilla.redhat.com/show_bug.cgi?id=2481891', 'https://bugzilla.redhat.com/show_bug.cgi?id=2481892', 'https://bugzilla.redhat.com/show_bug.cgi?id=2481893', 'https://bugzilla.redhat.com/show_bug.cgi?id=2481894', 'https://bugzilla.redhat.com/show_bug.cgi?id=2481896', 'https://bugzilla.redhat.com/show_bug.cgi?id=2481897', 'https://bugzilla.redhat.com/show_bug.cgi?id=2481898', 'https://cve.mitre.org/cgi-bin/cvename.cgi?name=CVE-2026-34180', 'https://cve.mitre.org/cgi-bin/cvename.cgi?name=CVE-2026-34181', 'https://cve.mitre.org/cgi-bin/cvename.cgi?name=CVE-2026-34182', 'https://cve.mitre.org/cgi-bin/cvename.cgi?name=CVE-2026-34183', 'https://cve.mitre.org/cgi-bin/cvename.cgi?name=CVE-2026-42764', 'https://cve.mitre.org/cgi-bin/cvename.cgi?name=CVE-2026-42766', 'https://cve.mitre.org/cgi-bin/cvename.cgi?name=CVE-2026-42767', 'https://cve.mitre.org/cgi-bin/cvename.cgi?name=CVE-2026-42768', 'https://cve.mitre.org/cgi-bin/cvename.cgi?name=CVE-2026-42769', 'https://cve.mitre.org/cgi-bin/cvename.cgi?name=CVE-2026-42770', 'https://cve.mitre.org/cgi-bin/cvename.cgi?name=CVE-2026-45445', 'https://cve.mitre.org/cgi-bin/cvename.cgi?name=CVE-2026-45446', 'https://cve.mitre.org/cgi-bin/cvename.cgi?name=CVE-2026-45447', 'https://cve.mitre.org/cgi-bin/cvename.cgi?name=CVE-2026-7383', 'https://cve.mitre.org/cgi-bin/cvename.cgi?name=CVE-2026-9076', 'https://errata.almalinux.org/9/ALSA-2026-25239.html', 'https://errata.rockylinux.org/RLSA-2026:25239', 'https://github.com/openssl/openssl/commit/03c1f4d45fb963aee7d5833390c507cd290182bc', 'https://github.com/openssl/openssl/commit/439ed7d2c0962ce964482727264668bf277c333f', 'https://github.com/openssl/openssl/commit/7947e6a81eb8776802f159fb6762cb7fcf7e34c7', 'https://github.com/openssl/openssl/commit/9fd97f8cfdc2c0be214998de3b2b55c8edf6c7ac', 'https://github.com/openssl/openssl/commit/d2ca86bcd43e4f17d899f347101766b6107676e0', 'https://linux.oracle.com/cve/CVE-2026-34182.html', 'https://linux.oracle.com/errata/ELSA-2026-25239.html', 'https://nvd.nist.gov/vuln/detail/CVE-2026-34182', 'https://openssl-library.org/news/secadv/20260609.txt', 'https://ubuntu.com/security/notices/USN-8414-1', 'https://ubuntu.com/security/notices/USN-8414-2', 'https://www.cve.org/CVERecord?id=CVE-2026-34182']",2026-06-09T17:17:04.857Z,2026-06-17T10:38:36.97Z,pkg:deb/ubuntu/libssl3t64@3.5.5-1ubuntu3?arch=amd64&distro=ubuntu-26.04,206c80038884c47,ubuntu,Ubuntu CVE Tracker,https://git.launchpad.net/ubuntu-cve-tracker,2,openssl: CMS AuthEnvelopedData Processing May Accept Forged Messages,,4.0,2.0,,,,,CVSS:3.1/AV:N/AC:H/PR:N/UI:N/S:U/C:H/I:H/A:N,7.4,3.0,3.0,4.0,3.0,3.0,,,,,,,,,,,3.5.5-1ubuntu3.2,,,,,
CVE-2026-34183,libssl3t64@3.5.5-1ubuntu3,libssl3t64,3.5.5-1ubuntu3,fixed,ubuntu,https://avd.aquasec.com/nvd/cve-2026-34183,sha256:3069603eaea8aff218a430df2d686381600b68f96195eb3ebc4b7b3b4e0d3671,"Issue summary: Remote peer may exhaust heap memory of the QUIC
server or client by flooding it with packets containing PATH_CHALLENGE
frames.

Impact summary: A malicious remote peer can cause an unbounded
memory allocation which can lead to an abnormal termination of the
application acting as a QUIC client or server and a Denial of Service.

A remote peer may exhaust heap memory by flooding the local
QUIC stack with PATH_CHALLENGE frames. The local QUIC stack
allocates a PATH_RESPONSE frame for every PATH_CHALLENGE it receives.
The allocated PATH_RESPONSE frame gets freed only when the remote
peer acknowledges reception of the PATH_RESPONSE frame which will
not be done by a malicious peer.

The FIPS modules in 4.0, 3.6, 3.5, 3.4, and 3.0 are not affected by
this issue. The QUIC stack is outside of OpenSSL FIPS module
boundary.",MEDIUM,['CWE-1325'],"['https://access.redhat.com/errata/RHSA-2026:25239', 'https://access.redhat.com/security/cve/CVE-2026-34183', 'https://bugzilla.redhat.com/2481879', 'https://bugzilla.redhat.com/2481880', 'https://bugzilla.redhat.com/2481881', 'https://bugzilla.redhat.com/2481882', 'https://bugzilla.redhat.com/2481884', 'https://bugzilla.redhat.com/2481885', 'https://bugzilla.redhat.com/2481887', 'https://bugzilla.redhat.com/2481890', 'https://bugzilla.redhat.com/2481891', 'https://bugzilla.redhat.com/2481892', 'https://bugzilla.redhat.com/2481893', 'https://bugzilla.redhat.com/2481894', 'https://bugzilla.redhat.com/2481896', 'https://bugzilla.redhat.com/2481897', 'https://bugzilla.redhat.com/2481898', 'https://bugzilla.redhat.com/show_bug.cgi?id=2481879', 'https://bugzilla.redhat.com/show_bug.cgi?id=2481880', 'https://bugzilla.redhat.com/show_bug.cgi?id=2481881', 'https://bugzilla.redhat.com/show_bug.cgi?id=2481882', 'https://bugzilla.redhat.com/show_bug.cgi?id=2481884', 'https://bugzilla.redhat.com/show_bug.cgi?id=2481885', 'https://bugzilla.redhat.com/show_bug.cgi?id=2481887', 'https://bugzilla.redhat.com/show_bug.cgi?id=2481890', 'https://bugzilla.redhat.com/show_bug.cgi?id=2481891', 'https://bugzilla.redhat.com/show_bug.cgi?id=2481892', 'https://bugzilla.redhat.com/show_bug.cgi?id=2481893', 'https://bugzilla.redhat.com/show_bug.cgi?id=2481894', 'https://bugzilla.redhat.com/show_bug.cgi?id=2481896', 'https://bugzilla.redhat.com/show_bug.cgi?id=2481897', 'https://bugzilla.redhat.com/show_bug.cgi?id=2481898', 'https://cve.mitre.org/cgi-bin/cvename.cgi?name=CVE-2026-34180', 'https://cve.mitre.org/cgi-bin/cvename.cgi?name=CVE-2026-34181', 'https://cve.mitre.org/cgi-bin/cvename.cgi?name=CVE-2026-34182', 'https://cve.mitre.org/cgi-bin/cvename.cgi?name=CVE-2026-34183', 'https://cve.mitre.org/cgi-bin/cvename.cgi?name=CVE-2026-42764', 'https://cve.mitre.org/cgi-bin/cvename.cgi?name=CVE-2026-42766', 'https://cve.mitre.org/cgi-bin/cvename.cgi?name=CVE-2026-42767', 'https://cve.mitre.org/cgi-bin/cvename.cgi?name=CVE-2026-42768', 'https://cve.mitre.org/cgi-bin/cvename.cgi?name=CVE-2026-42769', 'https://cve.mitre.org/cgi-bin/cvename.cgi?name=CVE-2026-42770', 'https://cve.mitre.org/cgi-bin/cvename.cgi?name=CVE-2026-45445', 'https://cve.mitre.org/cgi-bin/cvename.cgi?name=CVE-2026-45446', 'https://cve.mitre.org/cgi-bin/cvename.cgi?name=CVE-2026-45447', 'https://cve.mitre.org/cgi-bin/cvename.cgi?name=CVE-2026-7383', 'https://cve.mitre.org/cgi-bin/cvename.cgi?name=CVE-2026-9076', 'https://errata.almalinux.org/9/ALSA-2026-25239.html', 'https://errata.rockylinux.org/RLSA-2026:25239', 'https://github.com/openssl/openssl/commit/5b306efb0b3779dfdd0803b4afc9d08c91f11517', 'https://github.com/openssl/openssl/commit/7d06955ebe0ecf8adfd4c1e92018586da47ef9ac', 'https://github.com/openssl/openssl/commit/d2e9efbe4900a373227deb136e8665401404ffac', 'https://github.com/openssl/openssl/commit/fbaa83859c01ad64f497b757aaf51be7d05ed9eb', 'https://linux.oracle.com/cve/CVE-2026-34183.html', 'https://linux.oracle.com/errata/ELSA-2026-25239.html', 'https://nvd.nist.gov/vuln/detail/CVE-2026-34183', 'https://openssl-library.org/news/secadv/20260609.txt', 'https://ubuntu.com/security/notices/USN-8414-1', 'https://www.cve.org/CVERecord?id=CVE-2026-34183']",2026-06-09T17:17:05Z,2026-06-17T10:38:37.143Z,pkg:deb/ubuntu/libssl3t64@3.5.5-1ubuntu3?arch=amd64&distro=ubuntu-26.04,206c80038884c47,ubuntu,Ubuntu CVE Tracker,https://git.launchpad.net/ubuntu-cve-tracker,2,openssl: Unbounded Memory Growth in the QUIC PATH_CHALLENGE Handler,,3.0,2.0,,,,,CVSS:3.1/AV:N/AC:L/PR:N/UI:N/S:U/C:N/I:N/A:H,7.5,3.0,3.0,2.0,3.0,3.0,,,,,,,,,,,3.5.5-1ubuntu3.2,,,,,
CVE-2026-42764,libssl3t64@3.5.5-1ubuntu3,libssl3t64,3.5.5-1ubuntu3,fixed,ubuntu,https://avd.aquasec.com/nvd/cve-2026-42764,sha256:1448cd4d7d79234fb1e45c106f28d66906069d9982945baa58376f1c619b2804,"Issue summary: Receiving a QUIC initial packet with an invalid token may
trigger a NULL pointer dereference in the OpenSSL QUIC server with
address validation disabled.

Impact summary: NULL pointer dereference typically causes abnormal termination
of the affected QUIC server process and a Denial of Service.

If the address validation is disabled in the OpenSSL QUIC server
implementation, an attacker can crash the server by sending an initial
packet with an invalid or expired token.

By default, the client address validation is enabled in the OpenSSL QUIC server
implementation, which makes the default configuration not vulnerable
to this issue. However if the SSL_LISTENER_FLAG_NO_VALIDATE is used with
the SSL_new_listener() call, the address validation is disabled making the
vulnerable code reachable.

The FIPS modules in 4.0, 3.6, 3.5, 3.4, and 3.0 are not affected by this
issue, as the affected code is outside the OpenSSL FIPS module boundary.",MEDIUM,['CWE-476'],"['https://access.redhat.com/errata/RHSA-2026:25239', 'https://access.redhat.com/security/cve/CVE-2026-42764', 'https://bugzilla.redhat.com/2481879', 'https://bugzilla.redhat.com/2481880', 'https://bugzilla.redhat.com/2481881', 'https://bugzilla.redhat.com/2481882', 'https://bugzilla.redhat.com/2481884', 'https://bugzilla.redhat.com/2481885', 'https://bugzilla.redhat.com/2481887', 'https://bugzilla.redhat.com/2481890', 'https://bugzilla.redhat.com/2481891', 'https://bugzilla.redhat.com/2481892', 'https://bugzilla.redhat.com/2481893', 'https://bugzilla.redhat.com/2481894', 'https://bugzilla.redhat.com/2481896', 'https://bugzilla.redhat.com/2481897', 'https://bugzilla.redhat.com/2481898', 'https://bugzilla.redhat.com/show_bug.cgi?id=2481879', 'https://bugzilla.redhat.com/show_bug.cgi?id=2481880', 'https://bugzilla.redhat.com/show_bug.cgi?id=2481881', 'https://bugzilla.redhat.com/show_bug.cgi?id=2481882', 'https://bugzilla.redhat.com/show_bug.cgi?id=2481884', 'https://bugzilla.redhat.com/show_bug.cgi?id=2481885', 'https://bugzilla.redhat.com/show_bug.cgi?id=2481887', 'https://bugzilla.redhat.com/show_bug.cgi?id=2481890', 'https://bugzilla.redhat.com/show_bug.cgi?id=2481891', 'https://bugzilla.redhat.com/show_bug.cgi?id=2481892', 'https://bugzilla.redhat.com/show_bug.cgi?id=2481893', 'https://bugzilla.redhat.com/show_bug.cgi?id=2481894', 'https://bugzilla.redhat.com/show_bug.cgi?id=2481896', 'https://bugzilla.redhat.com/show_bug.cgi?id=2481897', 'https://bugzilla.redhat.com/show_bug.cgi?id=2481898', 'https://cve.mitre.org/cgi-bin/cvename.cgi?name=CVE-2026-34180', 'https://cve.mitre.org/cgi-bin/cvename.cgi?name=CVE-2026-34181', 'https://cve.mitre.org/cgi-bin/cvename.cgi?name=CVE-2026-34182', 'https://cve.mitre.org/cgi-bin/cvename.cgi?name=CVE-2026-34183', 'https://cve.mitre.org/cgi-bin/cvename.cgi?name=CVE-2026-42764', 'https://cve.mitre.org/cgi-bin/cvename.cgi?name=CVE-2026-42766', 'https://cve.mitre.org/cgi-bin/cvename.cgi?name=CVE-2026-42767', 'https://cve.mitre.org/cgi-bin/cvename.cgi?name=CVE-2026-42768', 'https://cve.mitre.org/cgi-bin/cvename.cgi?name=CVE-2026-42769', 'https://cve.mitre.org/cgi-bin/cvename.cgi?name=CVE-2026-42770', 'https://cve.mitre.org/cgi-bin/cvename.cgi?name=CVE-2026-45445', 'https://cve.mitre.org/cgi-bin/cvename.cgi?name=CVE-2026-45446', 'https://cve.mitre.org/cgi-bin/cvename.cgi?name=CVE-2026-45447', 'https://cve.mitre.org/cgi-bin/cvename.cgi?name=CVE-2026-7383', 'https://cve.mitre.org/cgi-bin/cvename.cgi?name=CVE-2026-9076', 'https://errata.almalinux.org/9/ALSA-2026-25239.html', 'https://errata.rockylinux.org/RLSA-2026:25239', 'https://github.com/openssl/openssl/commit/5e3ed291b8af0b03d5d3b9e56a1da69a187e9729', 'https://github.com/openssl/openssl/commit/a45a0aba8095682c88ff4fc4a784892b8c6f0677', 'https://github.com/openssl/openssl/commit/bf29a458c1a231eca87e384c62b9c2553fa57a91', 'https://linux.oracle.com/cve/CVE-2026-42764.html', 'https://linux.oracle.com/errata/ELSA-2026-25239.html', 'https://nvd.nist.gov/vuln/detail/CVE-2026-42764', 'https://openssl-library.org/news/secadv/20260609.txt', 'https://ubuntu.com/security/notices/USN-8414-1', 'https://www.cve.org/CVERecord?id=CVE-2026-42764']",2026-06-09T17:17:07.693Z,2026-06-17T10:48:21.63Z,pkg:deb/ubuntu/libssl3t64@3.5.5-1ubuntu3?arch=amd64&distro=ubuntu-26.04,206c80038884c47,ubuntu,Ubuntu CVE Tracker,https://git.launchpad.net/ubuntu-cve-tracker,2,openssl: NULL pointer dereference in QUIC server initial packet handling,,3.0,2.0,,,,,CVSS:3.1/AV:N/AC:H/PR:N/UI:N/S:U/C:N/I:N/A:H,5.9,3.0,3.0,,3.0,3.0,,,,,,,,,,,3.5.5-1ubuntu3.2,,,,,
CVE-2026-45445,libssl3t64@3.5.5-1ubuntu3,libssl3t64,3.5.5-1ubuntu3,fixed,ubuntu,https://avd.aquasec.com/nvd/cve-2026-45445,sha256:2630c5ba261ae0ed591d3c123f952a93afe201b660661ab72ad4e9eea2439d7e,"Issue summary: When an application drives an AES-OCB context through the
public EVP_Cipher() one-shot interface, the application-supplied
initialisation vector (IV) is silently discarded.

Impact summary: Every message encrypted under the same key uses the
same effective nonce regardless of the IV supplied by the caller,
resulting in (key, nonce) reuse and loss of confidentiality.  If the
same code path is used to compute the authentication tag, the tag
depends only on the (key, IV) pair and not on the plaintext or
ciphertext, allowing universal forgery of arbitrary ciphertext from a
single captured message.

OpenSSL provides two ways to drive a cipher: the documented streaming
interface (EVP_CipherUpdate / EVP_CipherFinal_ex) and a lower-level
one-shot, EVP_Cipher(), whose documentation explicitly recommends
against use by applications in favour of EVP_CipherUpdate() and
EVP_CipherFinal_ex().  The OCB provider's streaming handler flushes
the application-supplied IV into the OCB context before processing
data; the one-shot handler did not.  Every call to EVP_Cipher() on an
AES-OCB context therefore ran with the all-zero key-derived offset
state left by cipher initialisation, regardless of the caller's IV.

If EVP_EncryptFinal_ex() is subsequently used to obtain the
authentication tag, the deferred IV setup runs at that point and
clears the running checksum that should have been accumulated over the
plaintext.  The resulting tag is a function of (key, IV) only and
verifies against any ciphertext produced under the same (key, IV)
pair.

The OpenSSL SSL/TLS implementation is not affected: AES-OCB is not a
TLS cipher suite, and libssl does not call EVP_Cipher() in any case.
Applications that drive AES-OCB through the documented streaming AEAD
API (EVP_CipherUpdate / EVP_CipherFinal_ex) are not affected.  Only
applications that combine the AES-OCB cipher with the EVP_Cipher()
one-shot API are vulnerable.

The FIPS modules in 4.0, 3.6, 3.5, 3.4 and 3.0 are not affected by
this issue, as AES-OCB is outside the OpenSSL FIPS module boundary.",MEDIUM,['CWE-325'],"['https://access.redhat.com/errata/RHSA-2026:25239', 'https://access.redhat.com/security/cve/CVE-2026-45445', 'https://bugzilla.redhat.com/2481879', 'https://bugzilla.redhat.com/2481880', 'https://bugzilla.redhat.com/2481881', 'https://bugzilla.redhat.com/2481882', 'https://bugzilla.redhat.com/2481884', 'https://bugzilla.redhat.com/2481885', 'https://bugzilla.redhat.com/2481887', 'https://bugzilla.redhat.com/2481890', 'https://bugzilla.redhat.com/2481891', 'https://bugzilla.redhat.com/2481892', 'https://bugzilla.redhat.com/2481893', 'https://bugzilla.redhat.com/2481894', 'https://bugzilla.redhat.com/2481896', 'https://bugzilla.redhat.com/2481897', 'https://bugzilla.redhat.com/2481898', 'https://bugzilla.redhat.com/show_bug.cgi?id=2481879', 'https://bugzilla.redhat.com/show_bug.cgi?id=2481880', 'https://bugzilla.redhat.com/show_bug.cgi?id=2481881', 'https://bugzilla.redhat.com/show_bug.cgi?id=2481882', 'https://bugzilla.redhat.com/show_bug.cgi?id=2481884', 'https://bugzilla.redhat.com/show_bug.cgi?id=2481885', 'https://bugzilla.redhat.com/show_bug.cgi?id=2481887', 'https://bugzilla.redhat.com/show_bug.cgi?id=2481890', 'https://bugzilla.redhat.com/show_bug.cgi?id=2481891', 'https://bugzilla.redhat.com/show_bug.cgi?id=2481892', 'https://bugzilla.redhat.com/show_bug.cgi?id=2481893', 'https://bugzilla.redhat.com/show_bug.cgi?id=2481894', 'https://bugzilla.redhat.com/show_bug.cgi?id=2481896', 'https://bugzilla.redhat.com/show_bug.cgi?id=2481897', 'https://bugzilla.redhat.com/show_bug.cgi?id=2481898', 'https://cve.mitre.org/cgi-bin/cvename.cgi?name=CVE-2026-34180', 'https://cve.mitre.org/cgi-bin/cvename.cgi?name=CVE-2026-34181', 'https://cve.mitre.org/cgi-bin/cvename.cgi?name=CVE-2026-34182', 'https://cve.mitre.org/cgi-bin/cvename.cgi?name=CVE-2026-34183', 'https://cve.mitre.org/cgi-bin/cvename.cgi?name=CVE-2026-42764', 'https://cve.mitre.org/cgi-bin/cvename.cgi?name=CVE-2026-42766', 'https://cve.mitre.org/cgi-bin/cvename.cgi?name=CVE-2026-42767', 'https://cve.mitre.org/cgi-bin/cvename.cgi?name=CVE-2026-42768', 'https://cve.mitre.org/cgi-bin/cvename.cgi?name=CVE-2026-42769', 'https://cve.mitre.org/cgi-bin/cvename.cgi?name=CVE-2026-42770', 'https://cve.mitre.org/cgi-bin/cvename.cgi?name=CVE-2026-45445', 'https://cve.mitre.org/cgi-bin/cvename.cgi?name=CVE-2026-45446', 'https://cve.mitre.org/cgi-bin/cvename.cgi?name=CVE-2026-45447', 'https://cve.mitre.org/cgi-bin/cvename.cgi?name=CVE-2026-7383', 'https://cve.mitre.org/cgi-bin/cvename.cgi?name=CVE-2026-9076', 'https://errata.almalinux.org/9/ALSA-2026-25239.html', 'https://errata.rockylinux.org/RLSA-2026:25239', 'https://github.com/openssl/openssl/commit/323f0b6e7d530a4cb4336d50c88cb70f3ac2a451', 'https://github.com/openssl/openssl/commit/787a6dfba81b7b09c1e05ab31396c0cd7c36b3f7', 'https://github.com/openssl/openssl/commit/7ac4715234ee72d9f3c93426a2c08554b5b771af', 'https://github.com/openssl/openssl/commit/843c9b94ca9c2ed248bb30127bb4f3d7af0d607c', 'https://github.com/openssl/openssl/commit/983d54b5cce8d16147548ed1a37892d1720bbab6', 'https://linux.oracle.com/cve/CVE-2026-45445.html', 'https://linux.oracle.com/errata/ELSA-2026-25239.html', 'https://nvd.nist.gov/vuln/detail/CVE-2026-45445', 'https://openssl-library.org/news/secadv/20260609.txt', 'https://ubuntu.com/security/notices/USN-8414-1', 'https://www.cve.org/CVERecord?id=CVE-2026-45445']",2026-06-09T17:17:18.993Z,2026-06-17T10:52:03.793Z,pkg:deb/ubuntu/libssl3t64@3.5.5-1ubuntu3?arch=amd64&distro=ubuntu-26.04,206c80038884c47,ubuntu,Ubuntu CVE Tracker,https://git.launchpad.net/ubuntu-cve-tracker,2,openssl: AES-OCB IV Ignored on EVP_Cipher() Path,,3.0,2.0,,,,,CVSS:3.1/AV:N/AC:L/PR:N/UI:N/S:U/C:H/I:H/A:N,9.1,3.0,3.0,3.0,3.0,3.0,,,,,,,,,,,3.5.5-1ubuntu3.2,,,,,
CVE-2026-34180,libssl3t64@3.5.5-1ubuntu3,libssl3t64,3.5.5-1ubuntu3,fixed,ubuntu,https://avd.aquasec.com/nvd/cve-2026-34180,sha256:c254af3c2fc92b4927321bdbf8344b85aafeab2dfa217d78f9247efcbc4001e7,"Issue summary: Parsing a crafted DER-encoded ASN.1 structure with a primitive
element whose content exceeds 2 gigabytes in length may cause a heap buffer
over-read on 64-bit Unix and Unix-like platforms.

Impact summary: The heap buffer over-read may crash the application (Denial of
Service) or to load into the decoded ASN.1 object contents of memory beyond the
end of the input buffer.  More typically such ASN.1 elements would instead be
truncated.

An integer truncation in OpenSSL's ASN.1 decoder causes the content length of
an ASN.1 primitive element to be mishandled when it exceeds 2 gigabytes. In the
worst case the truncated length is treated as a request to scan the binary
content for a terminating zero byte, possibly causing OpenSSL to read either
less than or beyond the end of the allocated buffer.

Applications that pass attacker-supplied data to d2i_X509(), d2i_PKCS7(), or
any other d2i_* decoding function are affected. OpenSSL's own command-line
tools are not vulnerable, as data read through the BIO layer is checked before
it reaches the affected code. The issue only affects 64-bit Unix and Unix-like
platforms; 32-bit platforms and 64-bit Windows are not affected.

The FIPS modules in 4.0, 3.6, 3.5, 3.4 and 3.0 are not affected by this issue,
as the affected code is outside the OpenSSL FIPS module boundary.",LOW,['CWE-125'],"['https://access.redhat.com/errata/RHSA-2026:25239', 'https://access.redhat.com/security/cve/CVE-2026-34180', 'https://bugzilla.redhat.com/2481879', 'https://bugzilla.redhat.com/2481880', 'https://bugzilla.redhat.com/2481881', 'https://bugzilla.redhat.com/2481882', 'https://bugzilla.redhat.com/2481884', 'https://bugzilla.redhat.com/2481885', 'https://bugzilla.redhat.com/2481887', 'https://bugzilla.redhat.com/2481890', 'https://bugzilla.redhat.com/2481891', 'https://bugzilla.redhat.com/2481892', 'https://bugzilla.redhat.com/2481893', 'https://bugzilla.redhat.com/2481894', 'https://bugzilla.redhat.com/2481896', 'https://bugzilla.redhat.com/2481897', 'https://bugzilla.redhat.com/2481898', 'https://bugzilla.redhat.com/show_bug.cgi?id=2481879', 'https://bugzilla.redhat.com/show_bug.cgi?id=2481880', 'https://bugzilla.redhat.com/show_bug.cgi?id=2481881', 'https://bugzilla.redhat.com/show_bug.cgi?id=2481882', 'https://bugzilla.redhat.com/show_bug.cgi?id=2481884', 'https://bugzilla.redhat.com/show_bug.cgi?id=2481885', 'https://bugzilla.redhat.com/show_bug.cgi?id=2481887', 'https://bugzilla.redhat.com/show_bug.cgi?id=2481890', 'https://bugzilla.redhat.com/show_bug.cgi?id=2481891', 'https://bugzilla.redhat.com/show_bug.cgi?id=2481892', 'https://bugzilla.redhat.com/show_bug.cgi?id=2481893', 'https://bugzilla.redhat.com/show_bug.cgi?id=2481894', 'https://bugzilla.redhat.com/show_bug.cgi?id=2481896', 'https://bugzilla.redhat.com/show_bug.cgi?id=2481897', 'https://bugzilla.redhat.com/show_bug.cgi?id=2481898', 'https://cve.mitre.org/cgi-bin/cvename.cgi?name=CVE-2026-34180', 'https://cve.mitre.org/cgi-bin/cvename.cgi?name=CVE-2026-34181', 'https://cve.mitre.org/cgi-bin/cvename.cgi?name=CVE-2026-34182', 'https://cve.mitre.org/cgi-bin/cvename.cgi?name=CVE-2026-34183', 'https://cve.mitre.org/cgi-bin/cvename.cgi?name=CVE-2026-42764', 'https://cve.mitre.org/cgi-bin/cvename.cgi?name=CVE-2026-42766', 'https://cve.mitre.org/cgi-bin/cvename.cgi?name=CVE-2026-42767', 'https://cve.mitre.org/cgi-bin/cvename.cgi?name=CVE-2026-42768', 'https://cve.mitre.org/cgi-bin/cvename.cgi?name=CVE-2026-42769', 'https://cve.mitre.org/cgi-bin/cvename.cgi?name=CVE-2026-42770', 'https://cve.mitre.org/cgi-bin/cvename.cgi?name=CVE-2026-45445', 'https://cve.mitre.org/cgi-bin/cvename.cgi?name=CVE-2026-45446', 'https://cve.mitre.org/cgi-bin/cvename.cgi?name=CVE-2026-45447', 'https://cve.mitre.org/cgi-bin/cvename.cgi?name=CVE-2026-7383', 'https://cve.mitre.org/cgi-bin/cvename.cgi?name=CVE-2026-9076', 'https://errata.almalinux.org/9/ALSA-2026-25239.html', 'https://errata.rockylinux.org/RLSA-2026:25239', 'https://github.com/openssl/openssl/commit/1c6908e4fa5fa568752221d8eaf561a809751e5d', 'https://github.com/openssl/openssl/commit/cbe418ae978539cf14a398a207dba834c0e93e83', 'https://github.com/openssl/openssl/commit/d93853c42110d6319e3df07842b488cb9f7ac5ff', 'https://github.com/openssl/openssl/commit/da5d62af75f69d6fbf7803743d7c56ac75461e43', 'https://github.com/openssl/openssl/commit/f696c73c3e61b8c502d040af62e690c060908a16', 'https://linux.oracle.com/cve/CVE-2026-34180.html', 'https://linux.oracle.com/errata/ELSA-2026-25239.html', 'https://nvd.nist.gov/vuln/detail/CVE-2026-34180', 'https://openssl-library.org/news/secadv/20260609.txt', 'https://ubuntu.com/security/notices/USN-8414-1', 'https://ubuntu.com/security/notices/USN-8414-2', 'https://www.cve.org/CVERecord?id=CVE-2026-34180']",2026-06-09T17:17:04.6Z,2026-06-17T10:38:36.66Z,pkg:deb/ubuntu/libssl3t64@3.5.5-1ubuntu3?arch=amd64&distro=ubuntu-26.04,206c80038884c47,ubuntu,Ubuntu CVE Tracker,https://git.launchpad.net/ubuntu-cve-tracker,1,openssl: OpenSSL: Heap buffer over-read in ASN.1 decoding can lead to denial of service or information disclosure.,,3.0,1.0,,,,,CVSS:3.1/AV:N/AC:H/PR:H/UI:N/S:U/C:L/I:N/A:H,5.0,3.0,3.0,3.0,3.0,3.0,,,,,,,,,,,3.5.5-1ubuntu3.2,,,,,
CVE-2026-34181,libssl3t64@3.5.5-1ubuntu3,libssl3t64,3.5.5-1ubuntu3,fixed,ubuntu,https://avd.aquasec.com/nvd/cve-2026-34181,sha256:09a16b8e2b970899e31799bff03694b7609f579f887297c57631c601d8077aad,"Issue Summary: The PKCS#12 file processing fails to perform sufficient input
validation for files that use Password-Based Message Authentication Code 1
(PBMAC1) integrity mechanism allowing a certificate and private key forgery.

Impact Summary: An attacker impersonating a user can cause a service reading
PKCS#12 files to accept forged certificates and private keys with a 1 in 256
probability.

If a service accepting PKCS#12 files is using passwords for authenticating
the received files, the attacker can create unencrypted PKCS#12 files that
use PBMAC1 authentication that specifies an HMAC key of only one byte, allowing
them to craft a file that will be accepted with a 1 in 256 probability.
That would then cause the service to accept a certificate and private key
controlled by the attacker.

The FIPS modules are not affected by this issue, as the affected code is
outside the OpenSSL FIPS module boundary.",LOW,['CWE-354'],"['https://access.redhat.com/errata/RHSA-2026:25239', 'https://access.redhat.com/security/cve/CVE-2026-34181', 'https://bugzilla.redhat.com/2481879', 'https://bugzilla.redhat.com/2481880', 'https://bugzilla.redhat.com/2481881', 'https://bugzilla.redhat.com/2481882', 'https://bugzilla.redhat.com/2481884', 'https://bugzilla.redhat.com/2481885', 'https://bugzilla.redhat.com/2481887', 'https://bugzilla.redhat.com/2481890', 'https://bugzilla.redhat.com/2481891', 'https://bugzilla.redhat.com/2481892', 'https://bugzilla.redhat.com/2481893', 'https://bugzilla.redhat.com/2481894', 'https://bugzilla.redhat.com/2481896', 'https://bugzilla.redhat.com/2481897', 'https://bugzilla.redhat.com/2481898', 'https://bugzilla.redhat.com/show_bug.cgi?id=2481879', 'https://bugzilla.redhat.com/show_bug.cgi?id=2481880', 'https://bugzilla.redhat.com/show_bug.cgi?id=2481881', 'https://bugzilla.redhat.com/show_bug.cgi?id=2481882', 'https://bugzilla.redhat.com/show_bug.cgi?id=2481884', 'https://bugzilla.redhat.com/show_bug.cgi?id=2481885', 'https://bugzilla.redhat.com/show_bug.cgi?id=2481887', 'https://bugzilla.redhat.com/show_bug.cgi?id=2481890', 'https://bugzilla.redhat.com/show_bug.cgi?id=2481891', 'https://bugzilla.redhat.com/show_bug.cgi?id=2481892', 'https://bugzilla.redhat.com/show_bug.cgi?id=2481893', 'https://bugzilla.redhat.com/show_bug.cgi?id=2481894', 'https://bugzilla.redhat.com/show_bug.cgi?id=2481896', 'https://bugzilla.redhat.com/show_bug.cgi?id=2481897', 'https://bugzilla.redhat.com/show_bug.cgi?id=2481898', 'https://cve.mitre.org/cgi-bin/cvename.cgi?name=CVE-2026-34180', 'https://cve.mitre.org/cgi-bin/cvename.cgi?name=CVE-2026-34181', 'https://cve.mitre.org/cgi-bin/cvename.cgi?name=CVE-2026-34182', 'https://cve.mitre.org/cgi-bin/cvename.cgi?name=CVE-2026-34183', 'https://cve.mitre.org/cgi-bin/cvename.cgi?name=CVE-2026-42764', 'https://cve.mitre.org/cgi-bin/cvename.cgi?name=CVE-2026-42766', 'https://cve.mitre.org/cgi-bin/cvename.cgi?name=CVE-2026-42767', 'https://cve.mitre.org/cgi-bin/cvename.cgi?name=CVE-2026-42768', 'https://cve.mitre.org/cgi-bin/cvename.cgi?name=CVE-2026-42769', 'https://cve.mitre.org/cgi-bin/cvename.cgi?name=CVE-2026-42770', 'https://cve.mitre.org/cgi-bin/cvename.cgi?name=CVE-2026-45445', 'https://cve.mitre.org/cgi-bin/cvename.cgi?name=CVE-2026-45446', 'https://cve.mitre.org/cgi-bin/cvename.cgi?name=CVE-2026-45447', 'https://cve.mitre.org/cgi-bin/cvename.cgi?name=CVE-2026-7383', 'https://cve.mitre.org/cgi-bin/cvename.cgi?name=CVE-2026-9076', 'https://errata.almalinux.org/9/ALSA-2026-25239.html', 'https://errata.rockylinux.org/RLSA-2026:25239', 'https://github.com/openssl/openssl/commit/0300eb9ddce7a0895bf301a4b0c03a9da2313a0f', 'https://github.com/openssl/openssl/commit/79eb76a937e474bb7610a0a3dc57131dc8dc6610', 'https://github.com/openssl/openssl/commit/85dcbb3abaa4878af5c8fbbe11bce708fcf984a7', 'https://github.com/openssl/openssl/commit/ec36f2417c4ddd8cabce4b4a60a3d7a7365f2d81', 'https://linux.oracle.com/cve/CVE-2026-34181.html', 'https://linux.oracle.com/errata/ELSA-2026-25239.html', 'https://nvd.nist.gov/vuln/detail/CVE-2026-34181', 'https://openssl-library.org/news/secadv/20260609.txt', 'https://ubuntu.com/security/notices/USN-8414-1', 'https://www.cve.org/CVERecord?id=CVE-2026-34181']",2026-06-09T17:17:04.74Z,2026-06-17T10:38:36.82Z,pkg:deb/ubuntu/libssl3t64@3.5.5-1ubuntu3?arch=amd64&distro=ubuntu-26.04,206c80038884c47,ubuntu,Ubuntu CVE Tracker,https://git.launchpad.net/ubuntu-cve-tracker,1,openssl: PKCS#12 Files with PBMAC1 Are Accepted with Short HMAC Keys,,3.0,1.0,,,,,CVSS:3.1/AV:L/AC:H/PR:L/UI:N/S:U/C:H/I:H/A:N,6.3,3.0,3.0,,3.0,3.0,,,,,,,,,,,3.5.5-1ubuntu3.2,,,,,
CVE-2026-42766,libssl3t64@3.5.5-1ubuntu3,libssl3t64,3.5.5-1ubuntu3,fixed,ubuntu,https://avd.aquasec.com/nvd/cve-2026-42766,sha256:21e9e9e39650e561115487c8ea4098187d6d39fe89d0b6eeb049b5fe2843a9cc,"Issue summary: A specially crafted password-encrypted CMS message
can trigger a NULL pointer dereference during CMS decryption.

Impact summary: This NULL pointer dereference leads to an application crash
and a Denial of Service.

The CMS PasswordRecipientInfo.keyDerivationAlgorithm field is defined as
OPTIONAL in the ASN.1 specification and may therefore be absent in specially
crafted inputs. During the password-based CMS decryption the OpenSSL
CMS implementation dereferences this field without first checking whether it
was present.

An attacker who supplies such a CMS message to an application performing
password-based CMS decryption can trigger an application crash, leading to
a Denial of Service.

Applications that process password-encrypted CMS messages may be affected.

The FIPS modules in 4.0, 3.6, 3.5, 3.4, and 3.0 are not affected by this
issue, as the affected code is outside the OpenSSL FIPS module boundary.",LOW,['CWE-476'],"['https://access.redhat.com/errata/RHSA-2026:25239', 'https://access.redhat.com/security/cve/CVE-2026-42766', 'https://bugzilla.redhat.com/2481879', 'https://bugzilla.redhat.com/2481880', 'https://bugzilla.redhat.com/2481881', 'https://bugzilla.redhat.com/2481882', 'https://bugzilla.redhat.com/2481884', 'https://bugzilla.redhat.com/2481885', 'https://bugzilla.redhat.com/2481887', 'https://bugzilla.redhat.com/2481890', 'https://bugzilla.redhat.com/2481891', 'https://bugzilla.redhat.com/2481892', 'https://bugzilla.redhat.com/2481893', 'https://bugzilla.redhat.com/2481894', 'https://bugzilla.redhat.com/2481896', 'https://bugzilla.redhat.com/2481897', 'https://bugzilla.redhat.com/2481898', 'https://bugzilla.redhat.com/show_bug.cgi?id=2481879', 'https://bugzilla.redhat.com/show_bug.cgi?id=2481880', 'https://bugzilla.redhat.com/show_bug.cgi?id=2481881', 'https://bugzilla.redhat.com/show_bug.cgi?id=2481882', 'https://bugzilla.redhat.com/show_bug.cgi?id=2481884', 'https://bugzilla.redhat.com/show_bug.cgi?id=2481885', 'https://bugzilla.redhat.com/show_bug.cgi?id=2481887', 'https://bugzilla.redhat.com/show_bug.cgi?id=2481890', 'https://bugzilla.redhat.com/show_bug.cgi?id=2481891', 'https://bugzilla.redhat.com/show_bug.cgi?id=2481892', 'https://bugzilla.redhat.com/show_bug.cgi?id=2481893', 'https://bugzilla.redhat.com/show_bug.cgi?id=2481894', 'https://bugzilla.redhat.com/show_bug.cgi?id=2481896', 'https://bugzilla.redhat.com/show_bug.cgi?id=2481897', 'https://bugzilla.redhat.com/show_bug.cgi?id=2481898', 'https://cve.mitre.org/cgi-bin/cvename.cgi?name=CVE-2026-34180', 'https://cve.mitre.org/cgi-bin/cvename.cgi?name=CVE-2026-34181', 'https://cve.mitre.org/cgi-bin/cvename.cgi?name=CVE-2026-34182', 'https://cve.mitre.org/cgi-bin/cvename.cgi?name=CVE-2026-34183', 'https://cve.mitre.org/cgi-bin/cvename.cgi?name=CVE-2026-42764', 'https://cve.mitre.org/cgi-bin/cvename.cgi?name=CVE-2026-42766', 'https://cve.mitre.org/cgi-bin/cvename.cgi?name=CVE-2026-42767', 'https://cve.mitre.org/cgi-bin/cvename.cgi?name=CVE-2026-42768', 'https://cve.mitre.org/cgi-bin/cvename.cgi?name=CVE-2026-42769', 'https://cve.mitre.org/cgi-bin/cvename.cgi?name=CVE-2026-42770', 'https://cve.mitre.org/cgi-bin/cvename.cgi?name=CVE-2026-45445', 'https://cve.mitre.org/cgi-bin/cvename.cgi?name=CVE-2026-45446', 'https://cve.mitre.org/cgi-bin/cvename.cgi?name=CVE-2026-45447', 'https://cve.mitre.org/cgi-bin/cvename.cgi?name=CVE-2026-7383', 'https://cve.mitre.org/cgi-bin/cvename.cgi?name=CVE-2026-9076', 'https://errata.almalinux.org/9/ALSA-2026-25239.html', 'https://errata.rockylinux.org/RLSA-2026:25239', 'https://github.com/openssl/openssl/commit/056d06c1918fafbb98c1c85a02e4c47cc4e199ce', 'https://github.com/openssl/openssl/commit/12bc26ffb3a2be728c9b86e1cae277de5b33dfa4', 'https://github.com/openssl/openssl/commit/3ff64913615d648cfbb6a6f1cf5529ae7ea829d7', 'https://github.com/openssl/openssl/commit/ab52d88cb5374876d59aee3c91f9e4ccce2b7ce4', 'https://github.com/openssl/openssl/commit/da26f368732b83e40e9d356fe61c3d3aaab6d2e8', 'https://linux.oracle.com/cve/CVE-2026-42766.html', 'https://linux.oracle.com/errata/ELSA-2026-25239.html', 'https://nvd.nist.gov/vuln/detail/CVE-2026-42766', 'https://openssl-library.org/news/secadv/20260609.txt', 'https://ubuntu.com/security/notices/USN-8414-1', 'https://ubuntu.com/security/notices/USN-8414-2', 'https://www.cve.org/CVERecord?id=CVE-2026-42766']",2026-06-09T17:17:07.97Z,2026-06-17T10:48:21.947Z,pkg:deb/ubuntu/libssl3t64@3.5.5-1ubuntu3?arch=amd64&distro=ubuntu-26.04,206c80038884c47,ubuntu,Ubuntu CVE Tracker,https://git.launchpad.net/ubuntu-cve-tracker,1,openssl: Possible NULL Dereference in Password-Based CMS Decryption,,2.0,1.0,,,,,CVSS:3.1/AV:N/AC:H/PR:L/UI:N/S:U/C:N/I:N/A:H,5.3,3.0,3.0,2.0,3.0,3.0,,,,,,,,,,,3.5.5-1ubuntu3.2,,,,,
CVE-2026-42767,libssl3t64@3.5.5-1ubuntu3,libssl3t64,3.5.5-1ubuntu3,fixed,ubuntu,https://avd.aquasec.com/nvd/cve-2026-42767,sha256:924039968a547f4a51ed30f0c66b8abfa3e649cc652e2e6a6ab2d067be9e51ca,"Issue summary: An attacker-controlled CMP (Certificate Management Protocol)
server could trigger a NULL pointer dereference in a CMP client application.

Impact summary: A NULL pointer dereference causes a crash of the
application and a Denial of Service.

An attacker controlling a CMP server (or acting as a man-in-the-middle) could
craft a CMP response containing a CRMF (Certificate Request Message Format)
CertRepMessage with an EncryptedValue structure where the symmAlg field
has an algorithm OID but no parameters field. When the OpenSSL CMP client
processes this response, the NULL dereference occurs, causing a crash of
the CMP client.

Applications that process untrusted CMP/CRMF messages may be affected.

The FIPS modules in 4.0, 3.6, 3.5, 3.4, and 3.0 are not affected by this
issue, as the affected code is outside the OpenSSL FIPS module boundary.",LOW,['CWE-476'],"['https://access.redhat.com/errata/RHSA-2026:25239', 'https://access.redhat.com/security/cve/CVE-2026-42767', 'https://bugzilla.redhat.com/2481879', 'https://bugzilla.redhat.com/2481880', 'https://bugzilla.redhat.com/2481881', 'https://bugzilla.redhat.com/2481882', 'https://bugzilla.redhat.com/2481884', 'https://bugzilla.redhat.com/2481885', 'https://bugzilla.redhat.com/2481887', 'https://bugzilla.redhat.com/2481890', 'https://bugzilla.redhat.com/2481891', 'https://bugzilla.redhat.com/2481892', 'https://bugzilla.redhat.com/2481893', 'https://bugzilla.redhat.com/2481894', 'https://bugzilla.redhat.com/2481896', 'https://bugzilla.redhat.com/2481897', 'https://bugzilla.redhat.com/2481898', 'https://bugzilla.redhat.com/show_bug.cgi?id=2481879', 'https://bugzilla.redhat.com/show_bug.cgi?id=2481880', 'https://bugzilla.redhat.com/show_bug.cgi?id=2481881', 'https://bugzilla.redhat.com/show_bug.cgi?id=2481882', 'https://bugzilla.redhat.com/show_bug.cgi?id=2481884', 'https://bugzilla.redhat.com/show_bug.cgi?id=2481885', 'https://bugzilla.redhat.com/show_bug.cgi?id=2481887', 'https://bugzilla.redhat.com/show_bug.cgi?id=2481890', 'https://bugzilla.redhat.com/show_bug.cgi?id=2481891', 'https://bugzilla.redhat.com/show_bug.cgi?id=2481892', 'https://bugzilla.redhat.com/show_bug.cgi?id=2481893', 'https://bugzilla.redhat.com/show_bug.cgi?id=2481894', 'https://bugzilla.redhat.com/show_bug.cgi?id=2481896', 'https://bugzilla.redhat.com/show_bug.cgi?id=2481897', 'https://bugzilla.redhat.com/show_bug.cgi?id=2481898', 'https://cve.mitre.org/cgi-bin/cvename.cgi?name=CVE-2026-34180', 'https://cve.mitre.org/cgi-bin/cvename.cgi?name=CVE-2026-34181', 'https://cve.mitre.org/cgi-bin/cvename.cgi?name=CVE-2026-34182', 'https://cve.mitre.org/cgi-bin/cvename.cgi?name=CVE-2026-34183', 'https://cve.mitre.org/cgi-bin/cvename.cgi?name=CVE-2026-42764', 'https://cve.mitre.org/cgi-bin/cvename.cgi?name=CVE-2026-42766', 'https://cve.mitre.org/cgi-bin/cvename.cgi?name=CVE-2026-42767', 'https://cve.mitre.org/cgi-bin/cvename.cgi?name=CVE-2026-42768', 'https://cve.mitre.org/cgi-bin/cvename.cgi?name=CVE-2026-42769', 'https://cve.mitre.org/cgi-bin/cvename.cgi?name=CVE-2026-42770', 'https://cve.mitre.org/cgi-bin/cvename.cgi?name=CVE-2026-45445', 'https://cve.mitre.org/cgi-bin/cvename.cgi?name=CVE-2026-45446', 'https://cve.mitre.org/cgi-bin/cvename.cgi?name=CVE-2026-45447', 'https://cve.mitre.org/cgi-bin/cvename.cgi?name=CVE-2026-7383', 'https://cve.mitre.org/cgi-bin/cvename.cgi?name=CVE-2026-9076', 'https://errata.almalinux.org/9/ALSA-2026-25239.html', 'https://errata.rockylinux.org/RLSA-2026:25239', 'https://github.com/openssl/openssl/commit/61a86a8cd73546c9fea916f3d304c1293e05c046', 'https://github.com/openssl/openssl/commit/665d5254083affde9982efca7c41dd01cacc8774', 'https://github.com/openssl/openssl/commit/810b722f772652ad48042bcc7ab07e3414b11d0f', 'https://github.com/openssl/openssl/commit/b90ff3b1bd33b1c18e6a09936d097c2eddef8873', 'https://github.com/openssl/openssl/commit/e6f912907fc2ec82a0fd07aae55172c5e5e3d90d', 'https://linux.oracle.com/cve/CVE-2026-42767.html', 'https://linux.oracle.com/errata/ELSA-2026-25239.html', 'https://nvd.nist.gov/vuln/detail/CVE-2026-42767', 'https://openssl-library.org/news/secadv/20260609.txt', 'https://ubuntu.com/security/notices/USN-8414-1', 'https://www.cve.org/CVERecord?id=CVE-2026-42767']",2026-06-09T17:17:08.093Z,2026-06-17T10:48:22.107Z,pkg:deb/ubuntu/libssl3t64@3.5.5-1ubuntu3?arch=amd64&distro=ubuntu-26.04,206c80038884c47,ubuntu,Ubuntu CVE Tracker,https://git.launchpad.net/ubuntu-cve-tracker,1,openssl: NULL Pointer Dereference in CRMF EncryptedValue Decryption,,2.0,1.0,,,,,CVSS:3.1/AV:N/AC:H/PR:L/UI:N/S:U/C:N/I:N/A:H,5.3,3.0,3.0,2.0,3.0,3.0,,,,,,,,,,,3.5.5-1ubuntu3.2,,,,,
CVE-2026-42768,libssl3t64@3.5.5-1ubuntu3,libssl3t64,3.5.5-1ubuntu3,fixed,ubuntu,https://avd.aquasec.com/nvd/cve-2026-42768,sha256:a45667d1fb93a151b165c37019d7d170e8108a8c7f74ad1cdb07bc6e8f5b5531,"Issue summary: The CMS_decrypt and PKCS7_decrypt functions are vulnerable to
Bleichenbacher-style attack when an attacker is able to provide the CMS or
S/MIME messages and observe the error code and/or decryption output.

Impact summary: The Bleichenbacher-style attack allows an attacker to use the
victim's vulnerable application as a way to decrypt or sign messages with the
victim's private RSA key.

The attack is possible in 2 variants.

1. The decryption API (CMS_decrypt(), PKCS7_decrypt()) is used without
providing the recipient certificate. In this case OpenSSL iterates over every
KeyTransRecipientInfo (KTRI) without stopping at the first success.

An attacker who authors a message with two KTRI entries — the first one
wrapping a real CEK under the victim's public key, the second with an
arbitrary probe ciphertext — obtains opportunity to iterate the 2nd KTRI to
get a valid PKCS#1 v1.5 padding if the error code of the application is
available.

That is a Bleichenbacher oracle (Bleichenbacher, CRYPTO '98): an
adaptive-chosen-ciphertext side channel from which the attacker decrypts any
RSA ciphertext to the victim's key or forges any PKCS#1 v1.5 signature under
it.

2. When the decryption API (CMS_decrypt(), PKCS7_decrypt()) is provided with
the recipient certificate, and the recipient is not found, a random
key is substituted.

An attacker who authors a message and is able to compare both error code and
the result of the decryption, can mount a Bleichenbacher oracle.

We are not aware of any applications that provide a remote attacker
an opportunity to mount an attack described in these scenarios. We consider
the existence of such application very unlikely, and for this reason this
CVE has been evaluated as Low severity.

To avoid these attacks, when RSA PKCS#1 v1.5 Key Transport is in use, the
invoked EVP_PKEY_decrypt() will use the implicit rejection mechanism described
in draft-irtf-cfrg-rsa-guidance. In previous OpenSSL releases the implicit
rejection was explicitly disabled.

The implicit rejection mechanism always returns a plaintext value,
the symmetric key. This result is deterministic for the ciphertext and the
private key.  The length of the decryption result can happen to match the
length of the key of the symmetric cipher that was used for the content
encryption. When a certificate is not provided, the last RecipientInfo
producing a key that looks valid will be used. It may cause getting garbage
content on decryption. As a proper way to deal with this a recipient
certificate has to be provided to identify the particular RecipientInfo for
decryption.

The FIPS modules in 4.0, 3.6, 3.5, and 3.4 are not affected by this issue, as
CMS and S/MIME processing happens outside the OpenSSL FIPS module boundary.",LOW,['CWE-514'],"['https://access.redhat.com/errata/RHSA-2026:25239', 'https://access.redhat.com/security/cve/CVE-2026-42768', 'https://bugzilla.redhat.com/2481879', 'https://bugzilla.redhat.com/2481880', 'https://bugzilla.redhat.com/2481881', 'https://bugzilla.redhat.com/2481882', 'https://bugzilla.redhat.com/2481884', 'https://bugzilla.redhat.com/2481885', 'https://bugzilla.redhat.com/2481887', 'https://bugzilla.redhat.com/2481890', 'https://bugzilla.redhat.com/2481891', 'https://bugzilla.redhat.com/2481892', 'https://bugzilla.redhat.com/2481893', 'https://bugzilla.redhat.com/2481894', 'https://bugzilla.redhat.com/2481896', 'https://bugzilla.redhat.com/2481897', 'https://bugzilla.redhat.com/2481898', 'https://bugzilla.redhat.com/show_bug.cgi?id=2481879', 'https://bugzilla.redhat.com/show_bug.cgi?id=2481880', 'https://bugzilla.redhat.com/show_bug.cgi?id=2481881', 'https://bugzilla.redhat.com/show_bug.cgi?id=2481882', 'https://bugzilla.redhat.com/show_bug.cgi?id=2481884', 'https://bugzilla.redhat.com/show_bug.cgi?id=2481885', 'https://bugzilla.redhat.com/show_bug.cgi?id=2481887', 'https://bugzilla.redhat.com/show_bug.cgi?id=2481890', 'https://bugzilla.redhat.com/show_bug.cgi?id=2481891', 'https://bugzilla.redhat.com/show_bug.cgi?id=2481892', 'https://bugzilla.redhat.com/show_bug.cgi?id=2481893', 'https://bugzilla.redhat.com/show_bug.cgi?id=2481894', 'https://bugzilla.redhat.com/show_bug.cgi?id=2481896', 'https://bugzilla.redhat.com/show_bug.cgi?id=2481897', 'https://bugzilla.redhat.com/show_bug.cgi?id=2481898', 'https://cve.mitre.org/cgi-bin/cvename.cgi?name=CVE-2026-34180', 'https://cve.mitre.org/cgi-bin/cvename.cgi?name=CVE-2026-34181', 'https://cve.mitre.org/cgi-bin/cvename.cgi?name=CVE-2026-34182', 'https://cve.mitre.org/cgi-bin/cvename.cgi?name=CVE-2026-34183', 'https://cve.mitre.org/cgi-bin/cvename.cgi?name=CVE-2026-42764', 'https://cve.mitre.org/cgi-bin/cvename.cgi?name=CVE-2026-42766', 'https://cve.mitre.org/cgi-bin/cvename.cgi?name=CVE-2026-42767', 'https://cve.mitre.org/cgi-bin/cvename.cgi?name=CVE-2026-42768', 'https://cve.mitre.org/cgi-bin/cvename.cgi?name=CVE-2026-42769', 'https://cve.mitre.org/cgi-bin/cvename.cgi?name=CVE-2026-42770', 'https://cve.mitre.org/cgi-bin/cvename.cgi?name=CVE-2026-45445', 'https://cve.mitre.org/cgi-bin/cvename.cgi?name=CVE-2026-45446', 'https://cve.mitre.org/cgi-bin/cvename.cgi?name=CVE-2026-45447', 'https://cve.mitre.org/cgi-bin/cvename.cgi?name=CVE-2026-7383', 'https://cve.mitre.org/cgi-bin/cvename.cgi?name=CVE-2026-9076', 'https://errata.almalinux.org/9/ALSA-2026-25239.html', 'https://errata.rockylinux.org/RLSA-2026:25239', 'https://github.com/openssl/openssl/commit/a2ca7b2d73e0ffc1eae183fe6e1741dac767cb4f', 'https://github.com/openssl/openssl/commit/bbb151a83041705d9d001ed2f9c12f5523e1b54d', 'https://github.com/openssl/openssl/commit/dd68364107a58841c0a2546812518b65d3a23abd', 'https://github.com/openssl/openssl/commit/f04b377be3d821741c86d1f4bf84dee09f3d5c3e', 'https://linux.oracle.com/cve/CVE-2026-42768.html', 'https://linux.oracle.com/errata/ELSA-2026-25239.html', 'https://nvd.nist.gov/vuln/detail/CVE-2026-42768', 'https://openssl-library.org/news/secadv/20260609.txt', 'https://ubuntu.com/security/notices/USN-8414-1', 'https://www.cve.org/CVERecord?id=CVE-2026-42768']",2026-06-09T17:17:08.223Z,2026-06-17T10:48:22.263Z,pkg:deb/ubuntu/libssl3t64@3.5.5-1ubuntu3?arch=amd64&distro=ubuntu-26.04,206c80038884c47,ubuntu,Ubuntu CVE Tracker,https://git.launchpad.net/ubuntu-cve-tracker,1,openssl: Multi-RecipientInfo Bleichenbacher Oracle in CMS_decrypt() and PKCS7_decrypt(),,1.0,1.0,,,,,CVSS:3.1/AV:L/AC:H/PR:L/UI:N/S:U/C:H/I:H/A:N,6.3,3.0,3.0,1.0,3.0,3.0,,,,,,,,,,,3.5.5-1ubuntu3.2,,,,,
CVE-2026-42769,libssl3t64@3.5.5-1ubuntu3,libssl3t64,3.5.5-1ubuntu3,fixed,ubuntu,https://avd.aquasec.com/nvd/cve-2026-42769,sha256:d3f257f1818d5055f9a361eccb43a932208e3f505883ac2460735915c6b3736e,"Issue Summary: An error in the callback used to verify the certificate
provided in a Root CA key update Certificate Management Protocol (CMP)
message response rendered the certificate validation ineffectual, which
could lead to escalation of credentials from the Registration Authority (RA)
level to the root Certification Authority (root CA) level.

Impact Summary: The Registration Autority could replace the root CA
certificate for the CMP clients with an arbitrary root CA certificate.

One of the parts of the Certificate Management Protocol (CMP), specified in
RFC 9810, is Root Certification Authority (root CA) key Rollover,
which is sent by the server in a message with type 'id-it-rootCaKeyUpdate'.
As part of these messages, 'newWithOld' certificate, the new root CA
certificate signed with the old root CA key, is provided, and verifying its
signature is crucial for transferring the trust from the old CA key to the
new one.

The 'id-it-rootCaKeyUpdate' messages are expected to be processed with
OSSL_CMP_get1_rootCaKeyUpdate(), that is expected to verify the 'newWithOld'
certificate.  A typo in the certificate chain building code led to adding
an incorrect certificate ('newWithOld' instead of 'oldRoot') to the
certificate chain, rendering the certificate verification process ineffectual
(only the issuer name and the algorithm OIDs were verified by other parts
of the verification code).

An attacker who already has credentials that satisfy the CMP message
protection checks can generate a new key pair and use a crafted self-signed
certificate in its 'id-it-rootCaKeyUpdate' CMP messages which affected CMP
clients would accept as a new trust anchor.

Significant preconditions for the attack (having valid RA-level credentials)
are the reason the issue was assigned Low severity.

The FIPS modules are not affected by this issue, as the affected code is
outside the OpenSSL FIPS module boundary.",LOW,['CWE-295'],"['https://access.redhat.com/errata/RHSA-2026:25239', 'https://access.redhat.com/security/cve/CVE-2026-42769', 'https://bugzilla.redhat.com/2481879', 'https://bugzilla.redhat.com/2481880', 'https://bugzilla.redhat.com/2481881', 'https://bugzilla.redhat.com/2481882', 'https://bugzilla.redhat.com/2481884', 'https://bugzilla.redhat.com/2481885', 'https://bugzilla.redhat.com/2481887', 'https://bugzilla.redhat.com/2481890', 'https://bugzilla.redhat.com/2481891', 'https://bugzilla.redhat.com/2481892', 'https://bugzilla.redhat.com/2481893', 'https://bugzilla.redhat.com/2481894', 'https://bugzilla.redhat.com/2481896', 'https://bugzilla.redhat.com/2481897', 'https://bugzilla.redhat.com/2481898', 'https://bugzilla.redhat.com/show_bug.cgi?id=2481879', 'https://bugzilla.redhat.com/show_bug.cgi?id=2481880', 'https://bugzilla.redhat.com/show_bug.cgi?id=2481881', 'https://bugzilla.redhat.com/show_bug.cgi?id=2481882', 'https://bugzilla.redhat.com/show_bug.cgi?id=2481884', 'https://bugzilla.redhat.com/show_bug.cgi?id=2481885', 'https://bugzilla.redhat.com/show_bug.cgi?id=2481887', 'https://bugzilla.redhat.com/show_bug.cgi?id=2481890', 'https://bugzilla.redhat.com/show_bug.cgi?id=2481891', 'https://bugzilla.redhat.com/show_bug.cgi?id=2481892', 'https://bugzilla.redhat.com/show_bug.cgi?id=2481893', 'https://bugzilla.redhat.com/show_bug.cgi?id=2481894', 'https://bugzilla.redhat.com/show_bug.cgi?id=2481896', 'https://bugzilla.redhat.com/show_bug.cgi?id=2481897', 'https://bugzilla.redhat.com/show_bug.cgi?id=2481898', 'https://cve.mitre.org/cgi-bin/cvename.cgi?name=CVE-2026-34180', 'https://cve.mitre.org/cgi-bin/cvename.cgi?name=CVE-2026-34181', 'https://cve.mitre.org/cgi-bin/cvename.cgi?name=CVE-2026-34182', 'https://cve.mitre.org/cgi-bin/cvename.cgi?name=CVE-2026-34183', 'https://cve.mitre.org/cgi-bin/cvename.cgi?name=CVE-2026-42764', 'https://cve.mitre.org/cgi-bin/cvename.cgi?name=CVE-2026-42766', 'https://cve.mitre.org/cgi-bin/cvename.cgi?name=CVE-2026-42767', 'https://cve.mitre.org/cgi-bin/cvename.cgi?name=CVE-2026-42768', 'https://cve.mitre.org/cgi-bin/cvename.cgi?name=CVE-2026-42769', 'https://cve.mitre.org/cgi-bin/cvename.cgi?name=CVE-2026-42770', 'https://cve.mitre.org/cgi-bin/cvename.cgi?name=CVE-2026-45445', 'https://cve.mitre.org/cgi-bin/cvename.cgi?name=CVE-2026-45446', 'https://cve.mitre.org/cgi-bin/cvename.cgi?name=CVE-2026-45447', 'https://cve.mitre.org/cgi-bin/cvename.cgi?name=CVE-2026-7383', 'https://cve.mitre.org/cgi-bin/cvename.cgi?name=CVE-2026-9076', 'https://errata.almalinux.org/9/ALSA-2026-25239.html', 'https://errata.rockylinux.org/RLSA-2026:25239', 'https://github.com/openssl/openssl/commit/54d0989997e5fc26057009a9782c3441ce3842fb', 'https://github.com/openssl/openssl/commit/777b363b16fcf2153bb3ded39dc3838713667c44', 'https://github.com/openssl/openssl/commit/d35cd473a271bf3ce7bf3d32af53217fb83ae92c', 'https://github.com/openssl/openssl/commit/d531f21c0fe99067a66fc0ff1161ef127f9cd70b', 'https://linux.oracle.com/cve/CVE-2026-42769.html', 'https://linux.oracle.com/errata/ELSA-2026-25239.html', 'https://nvd.nist.gov/vuln/detail/CVE-2026-42769', 'https://openssl-library.org/news/secadv/20260609.txt', 'https://ubuntu.com/security/notices/USN-8414-1', 'https://www.cve.org/CVERecord?id=CVE-2026-42769']",2026-06-09T17:17:08.377Z,2026-06-17T10:48:22.467Z,pkg:deb/ubuntu/libssl3t64@3.5.5-1ubuntu3?arch=amd64&distro=ubuntu-26.04,206c80038884c47,ubuntu,Ubuntu CVE Tracker,https://git.launchpad.net/ubuntu-cve-tracker,1,openssl: Trust-Anchor Substitution via cert/issuer Typo in CMP rootCaKeyUpdate,,2.0,1.0,,,,,CVSS:3.1/AV:N/AC:H/PR:H/UI:N/S:U/C:H/I:H/A:N,5.9,3.0,3.0,,3.0,3.0,,,,,,,,,,,3.5.5-1ubuntu3.2,,,,,
CVE-2026-42770,libssl3t64@3.5.5-1ubuntu3,libssl3t64,3.5.5-1ubuntu3,fixed,ubuntu,https://avd.aquasec.com/nvd/cve-2026-42770,sha256:25453053c90872a09abb1b9fe56937a68c19841724825ae44371f5a6a8830791,"Issue summary: When EVP_PKEY_derive_set_peer() is called with a DHX (X9.42)
peer key, the peer key is not properly checked for the subgroup membership.

Impact summary: A malicious peer which presents an X9.42 key carrying the
victim's p and g parameters, a forged q = r (a small prime factor of the
cofactor (p−1)/q_local), and a public value Y of order r can recover the
victim's private key after a small number of key exchange attempts.

When EVP_PKEY_derive_set_peer() is called with a DHX (X9.42) peer key, the
subgroup membership check Y^q ≡ 1 (mod p) is performed using the peer's
own q parameter, not the local key's q. The peer's domain parameters are
then matched against the domain parameters of the private key, but the value
of q is not compared.

A malicious peer who presents an X9.42 key carrying the victim's p, g,
a forged q = r (a small prime factor of the cofactor), and a public
value Y of order r passes all checks. The shared secret then takes only
r distinct values, leaking priv mod r. Repeating for each small-prime
factor of the cofactor and combining via CRT recovers the full private
key (Lim–Lee / small-subgroup-confinement attack).

The realistic attack surface is narrow: principally CMP deployments with
long-lived RA/CA DHX keys and bespoke enterprise or government applications
using X9.42 DHX static keys with interactive protocols and therefore this
issue was assigned Low severity.

The FIPS modules in 4.0, 3.6, 3.5, 3.4, and 3.0 are affected by this
issue.",LOW,['CWE-325'],"['https://access.redhat.com/errata/RHSA-2026:25239', 'https://access.redhat.com/security/cve/CVE-2026-42770', 'https://bugzilla.redhat.com/2481879', 'https://bugzilla.redhat.com/2481880', 'https://bugzilla.redhat.com/2481881', 'https://bugzilla.redhat.com/2481882', 'https://bugzilla.redhat.com/2481884', 'https://bugzilla.redhat.com/2481885', 'https://bugzilla.redhat.com/2481887', 'https://bugzilla.redhat.com/2481890', 'https://bugzilla.redhat.com/2481891', 'https://bugzilla.redhat.com/2481892', 'https://bugzilla.redhat.com/2481893', 'https://bugzilla.redhat.com/2481894', 'https://bugzilla.redhat.com/2481896', 'https://bugzilla.redhat.com/2481897', 'https://bugzilla.redhat.com/2481898', 'https://bugzilla.redhat.com/show_bug.cgi?id=2481879', 'https://bugzilla.redhat.com/show_bug.cgi?id=2481880', 'https://bugzilla.redhat.com/show_bug.cgi?id=2481881', 'https://bugzilla.redhat.com/show_bug.cgi?id=2481882', 'https://bugzilla.redhat.com/show_bug.cgi?id=2481884', 'https://bugzilla.redhat.com/show_bug.cgi?id=2481885', 'https://bugzilla.redhat.com/show_bug.cgi?id=2481887', 'https://bugzilla.redhat.com/show_bug.cgi?id=2481890', 'https://bugzilla.redhat.com/show_bug.cgi?id=2481891', 'https://bugzilla.redhat.com/show_bug.cgi?id=2481892', 'https://bugzilla.redhat.com/show_bug.cgi?id=2481893', 'https://bugzilla.redhat.com/show_bug.cgi?id=2481894', 'https://bugzilla.redhat.com/show_bug.cgi?id=2481896', 'https://bugzilla.redhat.com/show_bug.cgi?id=2481897', 'https://bugzilla.redhat.com/show_bug.cgi?id=2481898', 'https://cve.mitre.org/cgi-bin/cvename.cgi?name=CVE-2026-34180', 'https://cve.mitre.org/cgi-bin/cvename.cgi?name=CVE-2026-34181', 'https://cve.mitre.org/cgi-bin/cvename.cgi?name=CVE-2026-34182', 'https://cve.mitre.org/cgi-bin/cvename.cgi?name=CVE-2026-34183', 'https://cve.mitre.org/cgi-bin/cvename.cgi?name=CVE-2026-42764', 'https://cve.mitre.org/cgi-bin/cvename.cgi?name=CVE-2026-42766', 'https://cve.mitre.org/cgi-bin/cvename.cgi?name=CVE-2026-42767', 'https://cve.mitre.org/cgi-bin/cvename.cgi?name=CVE-2026-42768', 'https://cve.mitre.org/cgi-bin/cvename.cgi?name=CVE-2026-42769', 'https://cve.mitre.org/cgi-bin/cvename.cgi?name=CVE-2026-42770', 'https://cve.mitre.org/cgi-bin/cvename.cgi?name=CVE-2026-45445', 'https://cve.mitre.org/cgi-bin/cvename.cgi?name=CVE-2026-45446', 'https://cve.mitre.org/cgi-bin/cvename.cgi?name=CVE-2026-45447', 'https://cve.mitre.org/cgi-bin/cvename.cgi?name=CVE-2026-7383', 'https://cve.mitre.org/cgi-bin/cvename.cgi?name=CVE-2026-9076', 'https://errata.almalinux.org/9/ALSA-2026-25239.html', 'https://errata.rockylinux.org/RLSA-2026:25239', 'https://github.com/openssl/openssl/commit/3da5a516cd2635a320ff748503db2cef7c4b0f02', 'https://github.com/openssl/openssl/commit/3ddbb7ab50bd93dfc59cbe08e269a67605aeebdb', 'https://github.com/openssl/openssl/commit/5f452bba2c681423d8fcffd120a19b757ee42e3c', 'https://github.com/openssl/openssl/commit/7fbfde7677ed8808828bf00ff01c937ca04bdda2', 'https://github.com/openssl/openssl/commit/ca2237ab5615641b662183b077f62c08d75e8070', 'https://linux.oracle.com/cve/CVE-2026-42770.html', 'https://linux.oracle.com/errata/ELSA-2026-25239.html', 'https://nvd.nist.gov/vuln/detail/CVE-2026-42770', 'https://openssl-library.org/news/secadv/20260609.txt', 'https://ubuntu.com/security/notices/USN-8414-1', 'https://www.cve.org/CVERecord?id=CVE-2026-42770']",2026-06-09T17:17:08.523Z,2026-06-17T10:48:22.65Z,pkg:deb/ubuntu/libssl3t64@3.5.5-1ubuntu3?arch=amd64&distro=ubuntu-26.04,206c80038884c47,ubuntu,Ubuntu CVE Tracker,https://git.launchpad.net/ubuntu-cve-tracker,1,openssl: FFC-DH Peer Validation Uses Attacker-Supplied q,,1.0,1.0,,,,,CVSS:3.1/AV:N/AC:H/PR:N/UI:N/S:U/C:H/I:N/A:N,5.9,3.0,3.0,,3.0,3.0,,,,,,,,,,,3.5.5-1ubuntu3.2,,,,,
CVE-2026-45446,libssl3t64@3.5.5-1ubuntu3,libssl3t64,3.5.5-1ubuntu3,fixed,ubuntu,https://avd.aquasec.com/nvd/cve-2026-45446,sha256:4efec9aa7bd26d5d5d83a944526ac6848ebac3222b7878a28216fa02c9ce2621,"Issue summary: The implementations of AES-SIV (RFC 5297) and AES-GCM-SIV
(RFC 8452) mishandle the authentication of AAD (Additional Authenticated
Data) with an empty ciphertext allowing a forgery of such messages.

Impact summary: An attacker can forge empty messages with arbitrary AAD
to the victim's application using these ciphers.

AES-SIV (RFC 5297) and AES-GCM-SIV (RFC 8452) are nonce-misuse-resistant AEAD
modes: they accept a key, nonce, optional AAD (bytes that are authenticated
but not encrypted), and plaintext, and produces ciphertext plus a 16-byte
tag. On decrypt, `EVP_DecryptFinal_ex()` is documented to return success only
if the tag is verified succesfully.

In OpenSSL's provider implementation of these ciphers, the expected tag is
computed only when decryption function is invoked with non-empty data.
If the caller supplies AAD and then calls `EVP_DecryptFinal_ex()` without
invocation of the ciphertext update, which can happen when the received
ciphertext length is zero, the tag is never recalculated and still holds its
all-zeros value.

When AES-GCM-SIV is used, an attacker who sends arbitrary AAD, empty
ciphertext, and all-zeros tag passes authentication under any key they do not
know, single-shot. When AES-SIV is used, for mounting the attack it's
necessary for the application to reuse the decryption context without
resetting the key.

AES-SIV is implemented since OpenSSL 3.0. AES-GCM-SIV is implemented since
OpenSSL 3.2.

No protocols implemented in OpenSSL itself (TLS/CMS/PKCS7/HPKE/QUIC) support
either AES-GCM-SIV or AES-SIV. To mount an attack, the applications must
implement their own protocol and use the EVP interface. Also they must skip the
ciphertext update when a message with an empty ciphertext arrives.

The FIPS modules in 4.0, 3.6, 3.5, 3.4, and 3.0 are not affected by this
issue, as these algorithms are not FIPS approved and the affected code is
outside the OpenSSL FIPS module boundary.",LOW,['CWE-325'],"['https://access.redhat.com/errata/RHSA-2026:25239', 'https://access.redhat.com/security/cve/CVE-2026-45446', 'https://bugzilla.redhat.com/2481879', 'https://bugzilla.redhat.com/2481880', 'https://bugzilla.redhat.com/2481881', 'https://bugzilla.redhat.com/2481882', 'https://bugzilla.redhat.com/2481884', 'https://bugzilla.redhat.com/2481885', 'https://bugzilla.redhat.com/2481887', 'https://bugzilla.redhat.com/2481890', 'https://bugzilla.redhat.com/2481891', 'https://bugzilla.redhat.com/2481892', 'https://bugzilla.redhat.com/2481893', 'https://bugzilla.redhat.com/2481894', 'https://bugzilla.redhat.com/2481896', 'https://bugzilla.redhat.com/2481897', 'https://bugzilla.redhat.com/2481898', 'https://bugzilla.redhat.com/show_bug.cgi?id=2481879', 'https://bugzilla.redhat.com/show_bug.cgi?id=2481880', 'https://bugzilla.redhat.com/show_bug.cgi?id=2481881', 'https://bugzilla.redhat.com/show_bug.cgi?id=2481882', 'https://bugzilla.redhat.com/show_bug.cgi?id=2481884', 'https://bugzilla.redhat.com/show_bug.cgi?id=2481885', 'https://bugzilla.redhat.com/show_bug.cgi?id=2481887', 'https://bugzilla.redhat.com/show_bug.cgi?id=2481890', 'https://bugzilla.redhat.com/show_bug.cgi?id=2481891', 'https://bugzilla.redhat.com/show_bug.cgi?id=2481892', 'https://bugzilla.redhat.com/show_bug.cgi?id=2481893', 'https://bugzilla.redhat.com/show_bug.cgi?id=2481894', 'https://bugzilla.redhat.com/show_bug.cgi?id=2481896', 'https://bugzilla.redhat.com/show_bug.cgi?id=2481897', 'https://bugzilla.redhat.com/show_bug.cgi?id=2481898', 'https://cve.mitre.org/cgi-bin/cvename.cgi?name=CVE-2026-34180', 'https://cve.mitre.org/cgi-bin/cvename.cgi?name=CVE-2026-34181', 'https://cve.mitre.org/cgi-bin/cvename.cgi?name=CVE-2026-34182', 'https://cve.mitre.org/cgi-bin/cvename.cgi?name=CVE-2026-34183', 'https://cve.mitre.org/cgi-bin/cvename.cgi?name=CVE-2026-42764', 'https://cve.mitre.org/cgi-bin/cvename.cgi?name=CVE-2026-42766', 'https://cve.mitre.org/cgi-bin/cvename.cgi?name=CVE-2026-42767', 'https://cve.mitre.org/cgi-bin/cvename.cgi?name=CVE-2026-42768', 'https://cve.mitre.org/cgi-bin/cvename.cgi?name=CVE-2026-42769', 'https://cve.mitre.org/cgi-bin/cvename.cgi?name=CVE-2026-42770', 'https://cve.mitre.org/cgi-bin/cvename.cgi?name=CVE-2026-45445', 'https://cve.mitre.org/cgi-bin/cvename.cgi?name=CVE-2026-45446', 'https://cve.mitre.org/cgi-bin/cvename.cgi?name=CVE-2026-45447', 'https://cve.mitre.org/cgi-bin/cvename.cgi?name=CVE-2026-7383', 'https://cve.mitre.org/cgi-bin/cvename.cgi?name=CVE-2026-9076', 'https://errata.almalinux.org/9/ALSA-2026-25239.html', 'https://errata.rockylinux.org/RLSA-2026:25239', 'https://github.com/openssl/openssl/commit/25b32cd9d41d2bc01b6abc425bb4baf2c2236fdc', 'https://github.com/openssl/openssl/commit/71e2a5d263518cf5866043bd60ee4994d59e53a3', 'https://github.com/openssl/openssl/commit/7fe3f33a3b3a4c487aa4dcdbc87057f66ffd2b85', 'https://github.com/openssl/openssl/commit/daca0f48e4a69a2892a62262bad59e62a8a76598', 'https://github.com/openssl/openssl/commit/eec5e9bf0d867333b8495e456f5235d225798a68', 'https://linux.oracle.com/cve/CVE-2026-45446.html', 'https://linux.oracle.com/errata/ELSA-2026-25239.html', 'https://nvd.nist.gov/vuln/detail/CVE-2026-45446', 'https://openssl-library.org/news/secadv/20260609.txt', 'https://ubuntu.com/security/notices/USN-8414-1', 'https://www.cve.org/CVERecord?id=CVE-2026-45446']",2026-06-09T17:17:19.137Z,2026-06-17T10:52:03.967Z,pkg:deb/ubuntu/libssl3t64@3.5.5-1ubuntu3?arch=amd64&distro=ubuntu-26.04,206c80038884c47,ubuntu,Ubuntu CVE Tracker,https://git.launchpad.net/ubuntu-cve-tracker,1,openssl: Incorrect Tag Processing for Empty Messages in AES-GCM-SIV and AES-SIV modes,,2.0,1.0,,,,,CVSS:3.1/AV:N/AC:H/PR:N/UI:N/S:U/C:N/I:L/A:N,3.7,3.0,3.0,2.0,3.0,3.0,,,,,,,,,,,3.5.5-1ubuntu3.2,,,,,
CVE-2026-7383,libssl3t64@3.5.5-1ubuntu3,libssl3t64,3.5.5-1ubuntu3,fixed,ubuntu,https://avd.aquasec.com/nvd/cve-2026-7383,sha256:7edd5e9f7e481415b5d185ae40eaf6cabf069e02cc4d2f4f24e27172c78477bb,"Issue summary: A signed integer overflow when sizing the destination
buffer for Unicode output in ASN1_mbstring_ncopy() can lead to a heap
buffer overflow.

Impact summary: A heap buffer overflow may lead to a crash or possibly
attacker controlled code execution or other undefined behaviour.

In ASN1_mbstring_copy() and ASN1_mbstring_ncopy() the destination
size for Unicode output is computed in a signed int: by left shift
of the input character count for BMPSTRING (UTF-16) and
UNIVERSALSTRING (UTF-32), and by summing per-character byte counts
for UTF8STRING. The calculation overflows when the input reaches
around 2^30 characters. In the worst case (UNIVERSALSTRING at 2^30
characters) the size wraps to zero, OPENSSL_malloc(1) is called, and
the subsequent character copy writes several gigabytes past the
one-byte allocation.

X.509 certificate processing routes through ASN1_STRING_set_by_NID(),
whose DIRSTRING_TYPE mask excludes UNIVERSALSTRING and whose per-NID
size limits cap the input length; no network protocol or
certificate-handling path in OpenSSL exercises the overflow.
Triggering the bug requires an application that calls
ASN1_mbstring_copy() or ASN1_mbstring_ncopy() directly, or registers
a custom string type via ASN1_STRING_TABLE_add(), with
attacker-controlled input on the order of half a gigabyte or more.
For these reasons this issue was assigned Low severity.

The FIPS modules in 4.0, 3.6, 3.5, 3.4 and 3.0 are not affected by
this issue, as the affected code is outside the OpenSSL FIPS module
boundary.",LOW,['CWE-787'],"['https://access.redhat.com/errata/RHSA-2026:25239', 'https://access.redhat.com/security/cve/CVE-2026-7383', 'https://bugzilla.redhat.com/2481879', 'https://bugzilla.redhat.com/2481880', 'https://bugzilla.redhat.com/2481881', 'https://bugzilla.redhat.com/2481882', 'https://bugzilla.redhat.com/2481884', 'https://bugzilla.redhat.com/2481885', 'https://bugzilla.redhat.com/2481887', 'https://bugzilla.redhat.com/2481890', 'https://bugzilla.redhat.com/2481891', 'https://bugzilla.redhat.com/2481892', 'https://bugzilla.redhat.com/2481893', 'https://bugzilla.redhat.com/2481894', 'https://bugzilla.redhat.com/2481896', 'https://bugzilla.redhat.com/2481897', 'https://bugzilla.redhat.com/2481898', 'https://bugzilla.redhat.com/show_bug.cgi?id=2481879', 'https://bugzilla.redhat.com/show_bug.cgi?id=2481880', 'https://bugzilla.redhat.com/show_bug.cgi?id=2481881', 'https://bugzilla.redhat.com/show_bug.cgi?id=2481882', 'https://bugzilla.redhat.com/show_bug.cgi?id=2481884', 'https://bugzilla.redhat.com/show_bug.cgi?id=2481885', 'https://bugzilla.redhat.com/show_bug.cgi?id=2481887', 'https://bugzilla.redhat.com/show_bug.cgi?id=2481890', 'https://bugzilla.redhat.com/show_bug.cgi?id=2481891', 'https://bugzilla.redhat.com/show_bug.cgi?id=2481892', 'https://bugzilla.redhat.com/show_bug.cgi?id=2481893', 'https://bugzilla.redhat.com/show_bug.cgi?id=2481894', 'https://bugzilla.redhat.com/show_bug.cgi?id=2481896', 'https://bugzilla.redhat.com/show_bug.cgi?id=2481897', 'https://bugzilla.redhat.com/show_bug.cgi?id=2481898', 'https://cve.mitre.org/cgi-bin/cvename.cgi?name=CVE-2026-34180', 'https://cve.mitre.org/cgi-bin/cvename.cgi?name=CVE-2026-34181', 'https://cve.mitre.org/cgi-bin/cvename.cgi?name=CVE-2026-34182', 'https://cve.mitre.org/cgi-bin/cvename.cgi?name=CVE-2026-34183', 'https://cve.mitre.org/cgi-bin/cvename.cgi?name=CVE-2026-42764', 'https://cve.mitre.org/cgi-bin/cvename.cgi?name=CVE-2026-42766', 'https://cve.mitre.org/cgi-bin/cvename.cgi?name=CVE-2026-42767', 'https://cve.mitre.org/cgi-bin/cvename.cgi?name=CVE-2026-42768', 'https://cve.mitre.org/cgi-bin/cvename.cgi?name=CVE-2026-42769', 'https://cve.mitre.org/cgi-bin/cvename.cgi?name=CVE-2026-42770', 'https://cve.mitre.org/cgi-bin/cvename.cgi?name=CVE-2026-45445', 'https://cve.mitre.org/cgi-bin/cvename.cgi?name=CVE-2026-45446', 'https://cve.mitre.org/cgi-bin/cvename.cgi?name=CVE-2026-45447', 'https://cve.mitre.org/cgi-bin/cvename.cgi?name=CVE-2026-7383', 'https://cve.mitre.org/cgi-bin/cvename.cgi?name=CVE-2026-9076', 'https://errata.almalinux.org/9/ALSA-2026-25239.html', 'https://errata.rockylinux.org/RLSA-2026:25239', 'https://github.com/openssl/openssl/commit/4f8d2bddaa2c8e06f9c33390ee1717059a6e4be6', 'https://github.com/openssl/openssl/commit/80c15faaf78042bbb8654a0e234c50c381732f74', 'https://github.com/openssl/openssl/commit/bd17511070fb39a67bfa19682affb765e706a974', 'https://github.com/openssl/openssl/commit/c332adaced43bcbb85f97410597e951c11ec3083', 'https://github.com/openssl/openssl/commit/d32350ae8ef7426718f5aa9e383d4b51398ee255', 'https://linux.oracle.com/cve/CVE-2026-7383.html', 'https://linux.oracle.com/errata/ELSA-2026-25239.html', 'https://nvd.nist.gov/vuln/detail/CVE-2026-7383', 'https://openssl-library.org/news/secadv/20260609.txt', 'https://ubuntu.com/security/notices/USN-8414-1', 'https://ubuntu.com/security/notices/USN-8414-2', 'https://www.cve.org/CVERecord?id=CVE-2026-7383']",2026-06-09T17:17:50.337Z,2026-06-17T11:02:19.433Z,pkg:deb/ubuntu/libssl3t64@3.5.5-1ubuntu3?arch=amd64&distro=ubuntu-26.04,206c80038884c47,ubuntu,Ubuntu CVE Tracker,https://git.launchpad.net/ubuntu-cve-tracker,1,openssl: OpenSSL: Heap buffer overflow due to signed integer overflow in Unicode output sizing,,3.0,1.0,,,,,CVSS:3.1/AV:L/AC:H/PR:L/UI:R/S:U/C:L/I:L/A:H,5.5,3.0,3.0,3.0,3.0,3.0,,,,,,,,,,,3.5.5-1ubuntu3.2,,,,,
CVE-2026-9076,libssl3t64@3.5.5-1ubuntu3,libssl3t64,3.5.5-1ubuntu3,fixed,ubuntu,https://avd.aquasec.com/nvd/cve-2026-9076,sha256:a2b8abc4c22db1d203221e76194c89b61f071a0748f7938f832636520251dea7,"Issue summary: When CMS password-based decryption (RFC 3211 / PWRI key unwrap)
processes attacker-supplied CMS data, an attacker-chosen stream-mode KEK
cipher can trigger a heap out-of-bounds read in kek_unwrap_key().

Impact summary: A heap buffer over-read may trigger a crash which leads to
Denial of Service for an application if the input buffer ends at a memory
page boundary and the following page is unmapped. There is no information
disclosure as the over-read bytes are not revealed to the attacker.

The key unwrapping function performs a check-byte test as specified in the
RFC that reads 7 bytes from a heap allocation that is based on the wrapped
key length from the message. There is a minimum length check based on the
block length of the wrapping cipher. However the cipher is selected from
an OID carried in the attacker's PWRI keyEncryptionAlgorithm with no
requirement that the cipher be a block cipher. When an attacker selects
a stream-mode cipher the guard will be ineffective and the allocated buffer
containing the unwrapped key can be too small to fit the check-bytes
specified in the RFC and a buffer over-read can happen.

Applications calling CMS_decrypt() or CMS_decrypt_set1_password()
(equivalently openssl cms -decrypt -pwri_password ...) on untrusted CMS
data are vulnerable to this issue. No password knowledge is required: the
over-read happens during the unwrap attempt before any authentication
succeeds.

The over-read is limited to a few bytes and is not written to output, so
there is no information disclosure. Triggering a crash requires the
allocation to border unmapped memory, which is unlikely with the normal
allocator.

The FIPS modules are not affected by this issue.",LOW,['CWE-125'],"['https://access.redhat.com/errata/RHSA-2026:25239', 'https://access.redhat.com/security/cve/CVE-2026-9076', 'https://bugzilla.redhat.com/2481879', 'https://bugzilla.redhat.com/2481880', 'https://bugzilla.redhat.com/2481881', 'https://bugzilla.redhat.com/2481882', 'https://bugzilla.redhat.com/2481884', 'https://bugzilla.redhat.com/2481885', 'https://bugzilla.redhat.com/2481887', 'https://bugzilla.redhat.com/2481890', 'https://bugzilla.redhat.com/2481891', 'https://bugzilla.redhat.com/2481892', 'https://bugzilla.redhat.com/2481893', 'https://bugzilla.redhat.com/2481894', 'https://bugzilla.redhat.com/2481896', 'https://bugzilla.redhat.com/2481897', 'https://bugzilla.redhat.com/2481898', 'https://bugzilla.redhat.com/show_bug.cgi?id=2481879', 'https://bugzilla.redhat.com/show_bug.cgi?id=2481880', 'https://bugzilla.redhat.com/show_bug.cgi?id=2481881', 'https://bugzilla.redhat.com/show_bug.cgi?id=2481882', 'https://bugzilla.redhat.com/show_bug.cgi?id=2481884', 'https://bugzilla.redhat.com/show_bug.cgi?id=2481885', 'https://bugzilla.redhat.com/show_bug.cgi?id=2481887', 'https://bugzilla.redhat.com/show_bug.cgi?id=2481890', 'https://bugzilla.redhat.com/show_bug.cgi?id=2481891', 'https://bugzilla.redhat.com/show_bug.cgi?id=2481892', 'https://bugzilla.redhat.com/show_bug.cgi?id=2481893', 'https://bugzilla.redhat.com/show_bug.cgi?id=2481894', 'https://bugzilla.redhat.com/show_bug.cgi?id=2481896', 'https://bugzilla.redhat.com/show_bug.cgi?id=2481897', 'https://bugzilla.redhat.com/show_bug.cgi?id=2481898', 'https://cve.mitre.org/cgi-bin/cvename.cgi?name=CVE-2026-34180', 'https://cve.mitre.org/cgi-bin/cvename.cgi?name=CVE-2026-34181', 'https://cve.mitre.org/cgi-bin/cvename.cgi?name=CVE-2026-34182', 'https://cve.mitre.org/cgi-bin/cvename.cgi?name=CVE-2026-34183', 'https://cve.mitre.org/cgi-bin/cvename.cgi?name=CVE-2026-42764', 'https://cve.mitre.org/cgi-bin/cvename.cgi?name=CVE-2026-42766', 'https://cve.mitre.org/cgi-bin/cvename.cgi?name=CVE-2026-42767', 'https://cve.mitre.org/cgi-bin/cvename.cgi?name=CVE-2026-42768', 'https://cve.mitre.org/cgi-bin/cvename.cgi?name=CVE-2026-42769', 'https://cve.mitre.org/cgi-bin/cvename.cgi?name=CVE-2026-42770', 'https://cve.mitre.org/cgi-bin/cvename.cgi?name=CVE-2026-45445', 'https://cve.mitre.org/cgi-bin/cvename.cgi?name=CVE-2026-45446', 'https://cve.mitre.org/cgi-bin/cvename.cgi?name=CVE-2026-45447', 'https://cve.mitre.org/cgi-bin/cvename.cgi?name=CVE-2026-7383', 'https://cve.mitre.org/cgi-bin/cvename.cgi?name=CVE-2026-9076', 'https://errata.almalinux.org/9/ALSA-2026-25239.html', 'https://errata.rockylinux.org/RLSA-2026:25239', 'https://github.com/openssl/openssl/commit/05b066366842f930fadd9a6e94df98030af431bb', 'https://github.com/openssl/openssl/commit/3d8d5bc1056b2f62da9fede23fedbf47e85187b0', 'https://github.com/openssl/openssl/commit/715349a1d7c6db970e6815dafb90915f07307f98', 'https://github.com/openssl/openssl/commit/77bf00ab13f6ff5e516535432f0328ed70ec0c26', 'https://github.com/openssl/openssl/commit/eecbe330977e8d023aae1ca2d9bdbe983ef3fdc6', 'https://linux.oracle.com/cve/CVE-2026-9076.html', 'https://linux.oracle.com/errata/ELSA-2026-25239.html', 'https://nvd.nist.gov/vuln/detail/CVE-2026-9076', 'https://openssl-library.org/news/secadv/20260609.txt', 'https://ubuntu.com/security/notices/USN-8414-1', 'https://ubuntu.com/security/notices/USN-8414-2', 'https://www.cve.org/CVERecord?id=CVE-2026-9076']",2026-06-09T17:17:50.997Z,2026-06-17T11:04:47.973Z,pkg:deb/ubuntu/libssl3t64@3.5.5-1ubuntu3?arch=amd64&distro=ubuntu-26.04,206c80038884c47,ubuntu,Ubuntu CVE Tracker,https://git.launchpad.net/ubuntu-cve-tracker,1,openssl: OpenSSL: Denial of Service due to heap out-of-bounds read in CMS password-based decryption,,3.0,1.0,,,,,CVSS:3.1/AV:N/AC:H/PR:N/UI:N/S:U/C:N/I:N/A:H,5.9,3.0,3.0,3.0,3.0,3.0,,,,,,,,,,,3.5.5-1ubuntu3.2,,,,,
CVE-2026-6732,libxml2-16@2.15.2+dfsg-0.1,libxml2-16,2.15.2+dfsg-0.1,fixed,ubuntu,https://avd.aquasec.com/nvd/cve-2026-6732,sha256:df1f98a26a75e339ea38af30043a2671f9ae880e72709ac3fcb009c4645201a8,"A flaw was found in libxml2. This vulnerability occurs when the library processes a specially crafted XML Schema Definition (XSD) validated document that includes an internal entity reference. An attacker could exploit this by providing a malicious document, leading to a type confusion error that causes the application to crash. This results in a denial of service (DoS), making the affected system or application unavailable.",MEDIUM,['CWE-843'],"['https://access.redhat.com/errata/RHSA-2026:11503', 'https://access.redhat.com/security/cve/CVE-2026-6732', 'https://bugzilla.redhat.com/show_bug.cgi?id=2461300', 'https://gitlab.gnome.org/GNOME/libxml2/-/issues/1097', 'https://gitlab.gnome.org/GNOME/libxml2/-/merge_requests/411', 'https://nvd.nist.gov/vuln/detail/CVE-2026-6732', 'https://ubuntu.com/security/notices/USN-8460-1', 'https://www.cve.org/CVERecord?id=CVE-2026-6732']",2026-04-23T23:16:16.443Z,2026-06-17T11:01:13.44Z,pkg:deb/ubuntu/libxml2-16@2.15.2%2Bdfsg-0.1?arch=amd64&distro=ubuntu-26.04,20b5e0e869b92817,ubuntu,Ubuntu CVE Tracker,https://git.launchpad.net/ubuntu-cve-tracker,2,libxml2: libxml2: Denial of Service via crafted XSD-validated document,3.0,3.0,2.0,,CVSS:3.1/AV:N/AC:L/PR:N/UI:N/S:U/C:N/I:N/A:H,,7.5,CVSS:3.1/AV:A/AC:L/PR:N/UI:N/S:U/C:N/I:N/A:H,6.5,,,,,,,,,,,,,,,,2.15.2+dfsg-0.1ubuntu0.1,,,,,
CVE-2026-6842,nano@8.7.1-1,nano,8.7.1-1,fixed,ubuntu,https://avd.aquasec.com/nvd/cve-2026-6842,sha256:5dc7a510f982d1dac166c41102e83cd754d425ca9a86028fb6de708811cd88e0,"A flaw was found in nano. In environments with permissive umask settings, a local attacker can exploit incorrect directory permissions (0777 instead of 0700) for the `~/.local` directory. This allows the attacker to inject a malicious `.desktop` launcher, which could lead to unintended actions or information disclosure if the launcher is subsequently processed.",MEDIUM,['CWE-732'],"['https://access.redhat.com/security/cve/CVE-2026-6842', 'https://bugzilla.redhat.com/show_bug.cgi?id=2455314', 'https://bugzilla.redhat.com/show_bug.cgi?id=2460018', 'https://nvd.nist.gov/vuln/detail/CVE-2026-6842', 'https://ubuntu.com/security/notices/USN-8386-1', 'https://www.cve.org/CVERecord?id=CVE-2026-6842']",2026-04-22T08:16:13.17Z,2026-06-17T11:01:25.227Z,pkg:deb/ubuntu/nano@8.7.1-1?arch=amd64&distro=ubuntu-26.04,6bf356ef86b37140,ubuntu,Ubuntu CVE Tracker,https://git.launchpad.net/ubuntu-cve-tracker,2,nano: nano: Local attacker can inject malicious .desktop launcher due to insecure directory permissions,,,1.0,,,,,CVSS:3.1/AV:L/AC:H/PR:L/UI:N/S:U/C:N/I:L/A:N,2.5,,,1.0,,,,,,,,,,,,,8.7.1-1ubuntu0.1,,,,,
CVE-2026-6843,nano@8.7.1-1,nano,8.7.1-1,fixed,ubuntu,https://avd.aquasec.com/nvd/cve-2026-6843,sha256:e2ba98f3a8a919201312b2c274495d54f9989d0324e22739f2cf78260e6fa4fe,"A flaw was found in nano. A local user could exploit a format string vulnerability in the `statusline()` function. By creating a directory with a name containing `printf` specifiers, the application attempts to display this name, leading to a segmentation fault (SEGV). This results in a Denial of Service (DoS) for the `nano` application.",MEDIUM,['CWE-134'],"['https://access.redhat.com/security/cve/CVE-2026-6843', 'https://bugzilla.redhat.com/show_bug.cgi?id=2455127', 'https://bugzilla.redhat.com/show_bug.cgi?id=2460017', 'https://nvd.nist.gov/vuln/detail/CVE-2026-6843', 'https://ubuntu.com/security/notices/USN-8386-1', 'https://www.cve.org/CVERecord?id=CVE-2026-6843']",2026-04-22T09:16:26.963Z,2026-06-17T11:01:25.33Z,pkg:deb/ubuntu/nano@8.7.1-1?arch=amd64&distro=ubuntu-26.04,6bf356ef86b37140,ubuntu,Ubuntu CVE Tracker,https://git.launchpad.net/ubuntu-cve-tracker,2,nano: nano: Format string vulnerability leads to Denial of Service,,2.0,2.0,,,,,CVSS:3.1/AV:L/AC:L/PR:N/UI:R/S:U/C:N/I:N/A:H,5.5,,,2.0,,,,,,,,,,,,,8.7.1-1ubuntu0.1,,,,,
CVE-2026-5704,tar@1.35+dfsg-4,tar,1.35+dfsg-4,fixed,ubuntu,https://avd.aquasec.com/nvd/cve-2026-5704,sha256:845ff482295338320e5bd81145789ba0008a719f5ef949397a449f4b20b0039d,"A flaw was found in tar. A remote attacker could exploit this vulnerability by crafting a malicious archive, leading to hidden file injection with fully attacker-controlled content. This bypasses pre-extraction inspection mechanisms, potentially allowing an attacker to introduce malicious files onto a system without detection.",MEDIUM,['CWE-434'],"['http://www.openwall.com/lists/oss-security/2026/04/11/10', 'http://www.openwall.com/lists/oss-security/2026/04/11/11', 'http://www.openwall.com/lists/oss-security/2026/04/12/2', 'https://access.redhat.com/security/cve/CVE-2026-5704', 'https://bugzilla.redhat.com/show_bug.cgi?id=2455360', 'https://nvd.nist.gov/vuln/detail/CVE-2026-5704', 'https://ubuntu.com/security/notices/USN-8477-1', 'https://www.cve.org/CVERecord?id=CVE-2026-5704']",2026-04-06T16:16:42.14Z,2026-06-17T10:59:31.78Z,pkg:deb/ubuntu/tar@1.35%2Bdfsg-4?arch=amd64&distro=ubuntu-26.04,8cbf9e0ace7b3b83,ubuntu,Ubuntu CVE Tracker,https://git.launchpad.net/ubuntu-cve-tracker,2,tar: tar: Hidden file injection via crafted archives,2.0,,2.0,,CVSS:3.1/AV:L/AC:L/PR:N/UI:R/S:U/C:N/I:H/A:N,,5.5,CVSS:3.1/AV:L/AC:L/PR:L/UI:R/S:U/C:N/I:H/A:N,5.0,,,,,,,,,,,,,,,,1.35+dfsg-4ubuntu0.1,,,,,
CVE-2026-11623,tmux@3.6a-2,tmux,3.6a-2,fixed,ubuntu,https://avd.aquasec.com/nvd/cve-2026-11623,sha256:aa6ba603be5230b1b11334f30a73a54b10d04be3880ca5d173c47135b136a251,A security vulnerability has been detected in tmux up to 3.6a. Affected is the function image_free of the file image.c. Such manipulation leads to use after free. Local access is required to approach this attack. This attack is characterized by high complexity. The exploitability is told to be difficult. The exploit has been disclosed publicly and may be used. Upgrading to version 3.7-rc is able to address this issue. The name of the patch is fc6d94a9f8a593bd8b7031650802084385d4ee03. The affected component should be upgraded.,MEDIUM,"['CWE-119', 'CWE-416']","['https://access.redhat.com/security/cve/CVE-2026-11623', 'https://gist.github.com/XlabAITeam/f0d9952595f795129a3258ba73bbc3cb', 'https://github.com/tmux/tmux/', 'https://github.com/tmux/tmux/commit/fc6d94a9f8a593bd8b7031650802084385d4ee03', 'https://github.com/tmux/tmux/releases/tag/3.7-rc', 'https://nvd.nist.gov/vuln/detail/CVE-2026-11623', 'https://ubuntu.com/security/notices/USN-8428-1', 'https://vuldb.com/cve/CVE-2026-11623', 'https://vuldb.com/submit/835623', 'https://vuldb.com/vuln/369303', 'https://vuldb.com/vuln/369303/cti', 'https://www.cve.org/CVERecord?id=CVE-2026-11623']",2026-06-09T05:16:30.227Z,2026-06-17T10:14:16.687Z,pkg:deb/ubuntu/tmux@3.6a-2?arch=amd64&distro=ubuntu-26.04,8c3ba270ec4f37c7,ubuntu,Ubuntu CVE Tracker,https://git.launchpad.net/ubuntu-cve-tracker,2,tmux: tmux: Use-after-free vulnerability,,,1.0,,,,,CVSS:3.1/AV:L/AC:H/PR:L/UI:R/S:U/C:L/I:L/A:L,4.2,,,,,,,,,,,,,,,,3.6a-2ubuntu0.1,,,,,
CVE-2026-43961,vim@2:9.1.2141-1ubuntu4.2,vim,2:9.1.2141-1ubuntu4.2,fixed,ubuntu,https://avd.aquasec.com/nvd/cve-2026-43961,sha256:1bb02e812ec4e11df1b02505f2a1aa5a08d95b681dfa71450ea0e2677d4b9d1c,[Unknown description],MEDIUM,,"['https://github.com/vim/vim/security/advisories/GHSA-66hr-7p6x-x5j3', 'https://ubuntu.com/security/notices/USN-8415-1', 'https://www.cve.org/CVERecord?id=CVE-2026-43961', 'https://www.openwall.com/lists/oss-security/2026/05/14/7']",,,pkg:deb/ubuntu/vim@9.1.2141-1ubuntu4.2?arch=amd64&distro=ubuntu-26.04&epoch=2,e88fc86e1a9b7493,ubuntu,Ubuntu CVE Tracker,https://git.launchpad.net/ubuntu-cve-tracker,2,,,,,,,,,,,,3.0,,,,,,,,,,,,,,2:9.1.2141-1ubuntu4.3,,,,,
CVE-2026-46483,vim@2:9.1.2141-1ubuntu4.2,vim,2:9.1.2141-1ubuntu4.2,fixed,ubuntu,https://avd.aquasec.com/nvd/cve-2026-46483,sha256:edba6ab7eabaa550a70609ee1121bbf3b43f9422e3dc39ecfbe968d5f4d82af9,"Vim is an open source, command line text editor. Prior to 9.2.0479, a command injection vulnerability exists in tar#Vimuntar() in
runtime/autoload/tar.vim when decompressing .tgz archives on Unix-like systems. The function builds :!gunzip and :!gzip -d commands using shellescape(tartail) without the {special} flag, allowing a crafted archive filename to trigger Vim cmdline-special expansion and execute shell commands in the user's context. This vulnerability is fixed in 9.2.0479.",MEDIUM,"['CWE-78', 'CWE-88']","['https://access.redhat.com/security/cve/CVE-2026-46483', 'https://github.com/vim/vim/commit/3fb5e58fbc63d86a3e65f1a141b0d67af2aa38a1', 'https://github.com/vim/vim/commit/3fb5e58fbc63d86a3e65f1a141b0d67af2aa38a1%20%28v9.2.0479%29', 'https://github.com/vim/vim/releases/tag/v9.2.0479', 'https://github.com/vim/vim/security/advisories/GHSA-2fpv-9ff7-xg5w', 'https://nvd.nist.gov/vuln/detail/CVE-2026-46483', 'https://ubuntu.com/security/notices/USN-8415-1', 'https://www.cve.org/CVERecord?id=CVE-2026-46483']",2026-05-15T15:16:54.237Z,2026-06-17T10:53:42.92Z,pkg:deb/ubuntu/vim@9.1.2141-1ubuntu4.2?arch=amd64&distro=ubuntu-26.04&epoch=2,e88fc86e1a9b7493,ubuntu,Ubuntu CVE Tracker,https://git.launchpad.net/ubuntu-cve-tracker,2,vim: command injection when decompressing .tgz archives,3.0,,2.0,,CVSS:3.1/AV:L/AC:H/PR:N/UI:R/S:U/C:H/I:H/A:H,,7.0,CVSS:3.1/AV:L/AC:H/PR:N/UI:R/S:U/C:H/I:H/A:H,7.0,,3.0,1.0,,,,,,,,,,,,,2:9.1.2141-1ubuntu4.3,,,,,
CVE-2026-47162,vim@2:9.1.2141-1ubuntu4.2,vim,2:9.1.2141-1ubuntu4.2,fixed,ubuntu,https://avd.aquasec.com/nvd/cve-2026-47162,sha256:4cf4e0e5147efce2d0d08d097b808a55c0a7e9a6a4355c066abae304ecd81c9a,"Vim is an open source, command line text editor. Prior to version 9.2.0495, a Vimscript code injection vulnerability exists in s:NetrwBookHistSave() in the netrw plugin (runtime/pack/dist/opt/netrw/autoload/netrw.vim) when serializing browsed directory paths to the history file ~/.vim/.netrwhist. A directory name derived from the filesystem is interpolated into a single-quoted Vimscript string literal without escaping embedded single quotes, allowing a crafted directory name to break out of the string context and execute arbitrary Vimscript, including shell commands via system() and :!, the next time the history file is sourced. This issue has been patched in version 9.2.0495.",MEDIUM,"['CWE-74', 'CWE-94', 'CWE-140']","['https://access.redhat.com/security/cve/CVE-2026-47162', 'https://bugzilla.redhat.com/show_bug.cgi?id=2487964', 'https://github.com/vim/vim/commit/f08ab2f4d7d2947c8dd6c179ae08ee6146a2694b', 'https://github.com/vim/vim/releases/tag/v9.2.0495', 'https://github.com/vim/vim/security/advisories/GHSA-crm5-rh6j-2c7c', 'https://nvd.nist.gov/vuln/detail/CVE-2026-47162', 'https://security.access.redhat.com/data/csaf/v2/vex/2026/cve-2026-47162.json', 'https://ubuntu.com/security/notices/USN-8451-1', 'https://www.cve.org/CVERecord?id=CVE-2026-47162']",2026-06-11T19:16:44.16Z,2026-06-30T03:20:23.877Z,pkg:deb/ubuntu/vim@9.1.2141-1ubuntu4.2?arch=amd64&distro=ubuntu-26.04&epoch=2,e88fc86e1a9b7493,ubuntu,Ubuntu CVE Tracker,https://git.launchpad.net/ubuntu-cve-tracker,2,vim: Vim: Arbitrary Code Execution via crafted directory names,3.0,3.0,3.0,,CVSS:3.1/AV:N/AC:L/PR:N/UI:R/S:U/C:H/I:H/A:H,,8.8,CVSS:3.1/AV:L/AC:L/PR:L/UI:R/S:U/C:H/I:H/A:H,7.3,,3.0,3.0,,,,,,,,,,,,,2:9.1.2141-1ubuntu4.5,,,,,
CVE-2026-47167,vim@2:9.1.2141-1ubuntu4.2,vim,2:9.1.2141-1ubuntu4.2,fixed,ubuntu,https://avd.aquasec.com/nvd/cve-2026-47167,sha256:c524be00f2444bf709013f125c0c0fcfa84e170dc0272dec70721190fb4ec6c2,"Vim is an open source, command line text editor. Prior to version 9.2.0496, a code injection vulnerability exists in s:stepmatch() in the cucumber filetype plugin (runtime/ftplugin/cucumber.vim) on Vim builds with +ruby support. Step-definition patterns read from .rb files under the repository's features/*/ or stories/*/ directories are embedded into a Ruby Kernel.eval argument without sufficient escaping, allowing a crafted pattern in an attacker-controlled repository to execute arbitrary Ruby (and through it arbitrary shell commands) when the user invokes a step-jump mapping ([d, ]d). This issue has been patched in version 9.2.0496.",MEDIUM,"['CWE-94', 'CWE-95']","['https://github.com/vim/vim/commit/a65a52d684bc58535ad28a4ae824d22e76399934', 'https://github.com/vim/vim/releases/tag/v9.2.0496', 'https://github.com/vim/vim/security/advisories/GHSA-4473-94jm-w5x9', 'https://nvd.nist.gov/vuln/detail/CVE-2026-47167', 'https://ubuntu.com/security/notices/USN-8451-1', 'https://www.cve.org/CVERecord?id=CVE-2026-47167']",2026-06-11T19:16:44.56Z,2026-06-17T10:54:22.263Z,pkg:deb/ubuntu/vim@9.1.2141-1ubuntu4.2?arch=amd64&distro=ubuntu-26.04&epoch=2,e88fc86e1a9b7493,ubuntu,Ubuntu CVE Tracker,https://git.launchpad.net/ubuntu-cve-tracker,2,"Vim is an open source, command line text editor. Prior to version 9.2. ...",2.0,2.0,,,CVSS:3.1/AV:L/AC:L/PR:N/UI:R/S:U/C:L/I:L/A:L,,5.3,,,,3.0,2.0,,,,,,,,,,,,,2:9.1.2141-1ubuntu4.5,,,,,
CVE-2026-52858,vim@2:9.1.2141-1ubuntu4.2,vim,2:9.1.2141-1ubuntu4.2,fixed,ubuntu,https://avd.aquasec.com/nvd/cve-2026-52858,sha256:fe1d2c0c465f91f24e08c8e8ed4cd6c2af85d2d7ca2c40ac6a7cfb9061ff9031,"Vim is an open source, command line text editor. Prior to version 9.2.0561, the Python omni-completion script in python3complete.vim for Vim with the +python3 interpreter enabled (and the legacy pythoncomplete.vim for builds with the +python interpreter) executes the import and from statements found in the current buffer through Python's import machinery. Because the buffer's working directory is on sys.path, opening a hostile .py file with a sibling Python package and invoking omni-completion runs that package's top-level code as the editing user. This issue has been patched in version 9.2.0561.",MEDIUM,"['CWE-94', 'CWE-95', 'CWE-829']","['https://github.com/vim/vim/commit/4b850457e12e1a678dd209f2868154f7553cbf8d', 'https://github.com/vim/vim/releases/tag/v9.2.0561', 'https://github.com/vim/vim/security/advisories/GHSA-52mc-rq6p-rc7c', 'https://nvd.nist.gov/vuln/detail/CVE-2026-52858', 'https://ubuntu.com/security/notices/USN-8451-1', 'https://www.cve.org/CVERecord?id=CVE-2026-52858']",2026-06-11T19:16:47.487Z,2026-06-17T10:57:53.5Z,pkg:deb/ubuntu/vim@9.1.2141-1ubuntu4.2?arch=amd64&distro=ubuntu-26.04&epoch=2,e88fc86e1a9b7493,ubuntu,Ubuntu CVE Tracker,https://git.launchpad.net/ubuntu-cve-tracker,2,"Vim is an open source, command line text editor. Prior to version 9.2. ...",3.0,3.0,,,CVSS:3.1/AV:L/AC:L/PR:N/UI:R/S:U/C:H/I:H/A:H,,7.8,,,,3.0,3.0,,,,,,,,,,,,,2:9.1.2141-1ubuntu4.5,,,,,
CVE-2026-52859,vim@2:9.1.2141-1ubuntu4.2,vim,2:9.1.2141-1ubuntu4.2,fixed,ubuntu,https://avd.aquasec.com/nvd/cve-2026-52859,sha256:d61b6c042a4763ad6f4ccb963281a8b626470da66be424a35168185edc7fdaa6,"Vim is an open source, command line text editor. Prior to version 9.2.0565, the update_snapshot() function in src/terminal.c copies the visible terminal screen into the scrollback buffer when a snapshot is taken. For each screen cell it walks the cell's chars[] array with no upper bound, stopping only when it encounters a NUL terminator. When a cell legitimately fills all VTERM_MAX_CHARS_PER_CELL (6) slots — a base character plus five combining marks — the bundled libvterm returns the array without a terminating NUL, so the loop reads past the fixed six-element array and appends the out-of-bounds values to a buffer reserved for only six characters. A program whose output is rendered inside a :terminal window can trigger this with a short byte sequence and no Vim scripting, leading to a crash. This issue has been patched in version 9.2.0565.",MEDIUM,['CWE-125'],"['https://access.redhat.com/security/cve/CVE-2026-52859', 'https://github.com/vim/vim/commit/63680c6d3d52477817b49cd1a66e7aabe8a7aa19', 'https://github.com/vim/vim/releases/tag/v9.2.0565', 'https://github.com/vim/vim/security/advisories/GHSA-47gw-8gc3-mgcm', 'https://nvd.nist.gov/vuln/detail/CVE-2026-52859', 'https://ubuntu.com/security/notices/USN-8451-1', 'https://www.cve.org/CVERecord?id=CVE-2026-52859']",2026-06-11T19:16:47.627Z,2026-06-17T10:57:53.623Z,pkg:deb/ubuntu/vim@9.1.2141-1ubuntu4.2?arch=amd64&distro=ubuntu-26.04&epoch=2,e88fc86e1a9b7493,ubuntu,Ubuntu CVE Tracker,https://git.launchpad.net/ubuntu-cve-tracker,2,vim: Vim: Denial of Service via out-of-bounds write in terminal handling,3.0,3.0,2.0,,CVSS:3.1/AV:N/AC:L/PR:N/UI:N/S:U/C:L/I:N/A:H,,8.2,CVSS:3.1/AV:L/AC:L/PR:L/UI:R/S:U/C:N/I:N/A:H,5.0,,3.0,2.0,,,,,,,,,,,,,2:9.1.2141-1ubuntu4.5,,,,,
CVE-2026-52860,vim@2:9.1.2141-1ubuntu4.2,vim,2:9.1.2141-1ubuntu4.2,fixed,ubuntu,https://avd.aquasec.com/nvd/cve-2026-52860,sha256:ae5e4cb0320fdcfc97e08ac1fcd882b2fde198321301f9e19906a0b599ce985d,"Vim is an open source, command line text editor. Prior to version 9.2.0597, Vim's Python omni-completion executes reconstructed function and class definitions from the current buffer with exec() as part of populating the completion dictionary. Python evaluates function default values, parameter annotations, and class base expressions at definition time, so a hostile buffer can execute attacker-controlled Python expressions during omni-completion. The existing g:pythoncomplete_allow_import mitigation (GHSA-52mc-rq6p-rc7c) does not cover this path, because the attacker-controlled code is not a harvested import/from statement. This issue has been patched in version 9.2.0597.",MEDIUM,['CWE-94'],"['https://access.redhat.com/security/cve/CVE-2026-52860', 'https://bugzilla.redhat.com/show_bug.cgi?id=2487987', 'https://github.com/vim/vim/commit/c8c63673bc4253212820626aeeb75999d9a539d2', 'https://github.com/vim/vim/releases/tag/v9.2.0597', 'https://github.com/vim/vim/security/advisories/GHSA-52mc-rq6p-rc7c', 'https://github.com/vim/vim/security/advisories/GHSA-65p9-mwwx-7468', 'https://nvd.nist.gov/vuln/detail/CVE-2026-52860', 'https://security.access.redhat.com/data/csaf/v2/vex/2026/cve-2026-52860.json', 'https://ubuntu.com/security/notices/USN-8451-1', 'https://www.cve.org/CVERecord?id=CVE-2026-52860']",2026-06-11T19:16:47.773Z,2026-06-30T03:20:49.62Z,pkg:deb/ubuntu/vim@9.1.2141-1ubuntu4.2?arch=amd64&distro=ubuntu-26.04&epoch=2,e88fc86e1a9b7493,ubuntu,Ubuntu CVE Tracker,https://git.launchpad.net/ubuntu-cve-tracker,2,vim: Vim: Arbitrary code execution through Python omni-completion.,3.0,3.0,3.0,,CVSS:3.1/AV:L/AC:L/PR:N/UI:R/S:U/C:H/I:H/A:H,,7.8,CVSS:3.1/AV:N/AC:L/PR:L/UI:R/S:U/C:H/I:H/A:H,8.0,,3.0,3.0,,,,,,,,,,,,,2:9.1.2141-1ubuntu4.5,,,,,
